Barcode	Brand	Wheel Name	Model	Retail price	Export price	Stock	Photo	Features	PCD	PCD2	INCH	ET Value	J Value	HUB size	Color	Production Type	Max Load	Rim Weight	Holes1	Holes2
2000000013565	Forzza	Ratlankis Forzza Reiven 8X18 5X112 ET35 66,45 gun/lm	Reiven	215.00	165.00	1	http://4ratis.lt/customer_xml/Photos/forzza_reiven_gun_lip_machined_1000.jpg	fr18512	112.00	0.00	18	35	8.0	66.45	Gun/Lip Machined	Casting	690.0000	10.9000	5	0
2000000013572	Forzza	Ratlankis Forzza Reiven 8X18 5X120 ET33 72,56 gun/lm	Reiven	215.00	165.00	1	http://4ratis.lt/customer_xml/Photos/forzza_reiven_gun_lip_machined_1000.jpg	fr18520	120.00	0.00	18	33	8.0	72.56	Gun/Lip Machined	Casting	690.0000	10.9000	5	0
00000017012577	Forzza	Ratlankis Forzza Aktia 5,5X14 4X100 ET40 73,1 BFM	Aktia	88.00	76.00	1	http://4ratis.lt/customer_xml/Photos/forzza_aktia_bfm_1000.jpg	fr14400	100.00	0.00	14	40	5.5	73.10	Black Face Machined	Casting	560.0000	7.5000	4	0
00000017031837	Forzza	Ratlankis Forzza Gravity 8X18 5X112 ET42 66,56 Black	gravity	239.00	186.00	79	http://4ratis.lt/customer_xml/Photos/forzza_gravity_iv23145_8x18_black.jpg	fr18512	112.00	0.00	18	42	8.0	66.56	Black	Flow Forming	900.0000	11.1000	5	0
00000017031844	Forzza	Ratlankis Forzza Gravity 8X18 5X114,3 ET42 73,1 Black	gravity	239.00	186.00	11	http://4ratis.lt/customer_xml/Photos/forzza_gravity_iv23145_8x18_black.jpg	fr18514	114.30	0.00	18	42	8.0	73.10	Black	Flow Forming	900.0000	11.1000	5	0
00000017036238	Forzza	Ratlankis Forzza Gravity 8X18 5X120 ET35 72,56 Black	gravity	239.00	186.00	52	http://4ratis.lt/customer_xml/Photos/forzza_gravity_iv23145_8x18_black.jpg	fr18520	114.30	0.00	18	35	8.0	72.56	Black	Flow Forming	900.0000	11.1000	5	0
00000017041270	Forzza	Ratlankis Forzza Gravity 8,5X19 5X108 ET45 67,1 Bronze Brushed + Bronze Clear Coat	gravity	344.00	270.00	36	http://4ratis.lt/customer_xml/Photos/forzza_gravity_8_5x20_bronze_1000.jpg	fr19508	108.00	0.00	19	45	8.5	67.10	Bronze Brushed + Bronze Clear Coat	Flow Forming	900.0000	11.9800	5	0
00000017028509	Forzza	Ratlankis Forzza Gravity 8,5X19 5X112 ET25 66,56 Black	gravity	292.00	228.00	51	http://4ratis.lt/customer_xml/Photos/forzza_gravity_8_5x19_black_1000.jpg	fr19512	112.00	0.00	19	25	8.5	66.56	Black	Flow Forming	900.0000	11.9800	5	0
00000017028530	Forzza	Ratlankis Forzza Gravity 8,5X19 5X114,3 ET42 73,1 Black	gravity	292.00	228.00	12	http://4ratis.lt/customer_xml/Photos/forzza_gravity_8_5x19_black_1000.jpg	fr19514	114.30	0.00	19	42	8.5	73.10	Black	Flow Forming	900.0000	11.0000	5	0
00000017028554	Forzza	Ratlankis Forzza Gravity 8,5X19 5X120 ET32 72,56 Black	gravity	292.00	228.00	105	http://4ratis.lt/customer_xml/Photos/forzza_gravity_8_5x19_black_1000.jpg	fr19520	120.00	0.00	19	32	8.5	72.56	Black	Flow Forming	900.0000	10.8000	5	0
00000017037105	Forzza	Ratlankis Forzza Gravity 9X20 5X108 ET45 67,10 Black	gravity	355.00	270.00	60	http://4ratis.lt/customer_xml/Photos/forzza_gravity_8_5x20_black_1000.jpg	fr20508	108.00	0.00	20	45	9.0	67.10	Black	Flow Forming	900.0000	11.9000	5	0
00000017028578	Forzza	Ratlankis Forzza Gravity 8,5X20 5X112 ET25 66,56 Bronze Brushed + Bronze Clear Coat	gravity	390.00	295.00	58	http://4ratis.lt/customer_xml/Photos/forzza_gravity_8_5x20_bronze_1000.jpg	fr20512	112.00	0.00	20	25	8.5	66.56	Bronze Brushed + Bronze Clear Coat	Flow Forming	900.0000	11.9800	5	0
00000017031912	Forzza	Ratlankis Forzza Gravity 8,5X20 5X120 ET30 72,56 Black	gravity	355.00	270.00	6	http://4ratis.lt/customer_xml/Photos/forzza_gravity_8_5x20_black_1000.jpg	fr20520	120.00	0.00	20	30	8.5	72.56	Black	Flow Forming	900.0000	11.9800	5	0
00000017028639	Forzza	Ratlankis Forzza Gravity 9X21 5X112 ET25 66,56 Black	gravity	440.00	334.00	17	http://4ratis.lt/customer_xml/Photos/forzza_gravity_9x21_black_1000.jpg	fr21512	112.00	0.00	21	25	9.0	66.56	Black	Flow Forming	900.0000	14.2000	5	0
00000017036221	Forzza	Ratlankis Forzza Gravity 8X18 5X112 ET42 66,56 Satin Grey	gravity	239.00	186.00	4	http://4ratis.lt/customer_xml/Photos/forzza_gravity_iv23145_8_5x19_satin_grey.jpg	fr18512	112.00	0.00	18	42	8.0	66.56	Satin Grey	Flow Forming	900.0000	11.1000	5	0
00000017041287	Forzza	Ratlankis Forzza Gravity 8,5X19 5X108 ET45 67,1 Black	gravity	292.00	228.00	55	http://4ratis.lt/customer_xml/Photos/forzza_gravity_black_lighter.jpg	fr19508	108.00	0.00	19	45	8.5	67.10	Black	Flow Forming	900.0000	11.9800	5	0
00000017028493	Forzza	Ratlankis Forzza Gravity 8,5X19 5X112 ET35 66,56 Black	gravity	292.00	228.00	24	http://4ratis.lt/customer_xml/Photos/forzza_gravity_8_5x19_black_1000.jpg	fr19512	112.00	0.00	19	35	8.5	66.56	Black	Flow Forming	900.0000	12.1000	5	0
00000017028547	Forzza	Ratlankis Forzza Gravity 9,5X19 5X114,3 ET40 73,1 Black	gravity	292.00	228.00	16	http://4ratis.lt/customer_xml/Photos/forzza_gravity_9_5x19_black_1000.jpg	fr19514	114.30	0.00	19	40	9.5	73.10	Black	Flow Forming	900.0000	10.0000	5	0
00000017028561	Forzza	Ratlankis Forzza Gravity 9,5X19 5X120 ET38 72,56 Black	gravity	292.00	228.00	64	http://4ratis.lt/customer_xml/Photos/forzza_gravity_9_5x19_black_1000.jpg	fr19520	120.00	0.00	19	38	9.5	72.56	Black	Flow Forming	900.0000	9.0000	5	0
00000017028585	Forzza	Ratlankis Forzza Gravity 10X20 5X112 ET40 66,56 Bronze Brushed + Bronze Clear Coat	gravity	390.00	295.00	40	http://4ratis.lt/customer_xml/Photos/forzza_gravity_10x20_bronze_1000.jpg	fr20512	112.00	0.00	20	40	10.0	66.56	Bronze Brushed + Bronze Clear Coat	Flow Forming	900.0000	11.9000	5	0
00000017028646	Forzza	Ratlankis Forzza Gravity 10,5X21 5X112 ET40 66,56 Black	gravity	440.00	334.00	54	http://4ratis.lt/customer_xml/Photos/forzza_gravity_10_5x21_black_1000.jpg	fr21512	112.00	0.00	21	40	10.5	66.56	Black	Flow Forming	900.0000	13.6000	5	0
00000017028516	Forzza	Ratlankis Forzza Gravity 8,5X19 5X112 ET45 66,56 Black	gravity	292.00	228.00	67	http://4ratis.lt/customer_xml/Photos/forzza_gravity_8_5x19_black_1000.jpg	fr19512	112.00	0.00	19	45	8.5	66.56	Black	Flow Forming	900.0000	15.2900	5	0
00000017028592	Forzza	Ratlankis Forzza Gravity 8,5X20 5X112 ET25 66,56 Black	gravity	355.00	270.00	4	http://4ratis.lt/customer_xml/Photos/forzza_gravity_8_5x20_black_1000.jpg	fr20512	112.00	0.00	20	25	8.5	66.56	Black	Flow Forming	900.0000	11.9800	5	0
00000017028615	Forzza	Ratlankis Forzza Gravity 10X20 5X120 ET40 74,1 Black	gravity	355.00	270.00	29	http://4ratis.lt/customer_xml/Photos/forzza_gravity_11x20_black_1000.jpg	fr20520	120.00	0.00	20	40	10.0	74.10	Black	Flow Forming	900.0000	12.1500	5	0
00000017031929	Forzza	Ratlankis Forzza Gravity 9X21 5X112 ET25 66,56 Bronze Brushed + Bronze Clear Coat	gravity	466.00	365.00	54	http://4ratis.lt/customer_xml/Photos/forzza_gravity_iv23145_9x21_brushed_bronze.jpg	fr21512	112.00	0.00	21	25	9.0	66.56	Bronze Brushed + Bronze Clear Coat	Flow Forming	900.0000	14.2000	5	0
00000017028523	Forzza	Ratlankis Forzza Gravity 9,5X19 5X112 ET40 66,56 Black	gravity	292.00	228.00	56	http://4ratis.lt/customer_xml/Photos/forzza_gravity_9_5x19_black_1000.jpg	fr19512	112.00	0.00	19	40	9.5	66.56	Black	Flow Forming	900.0000	11.1000	5	0
00000017028622	Forzza	Ratlankis Forzza Gravity 11X20 5X120 ET37 74,1 Black	gravity	355.00	270.00	40	http://4ratis.lt/customer_xml/Photos/forzza_gravity_11x20_black_1000.jpg	fr20520	120.00	0.00	20	37	11.0	74.10	Black	Flow Forming	900.0000	12.9000	5	0
00000017031936	Forzza	Ratlankis Forzza Gravity 10,5X21 5X112 ET40 66,56 Bronze Brushed + Bronze Clear Coat	gravity	466.00	365.00	46	http://4ratis.lt/customer_xml/Photos/forzza_gravity_iv23145_10_5x21_brushed_bronze.jpg	fr21512	112.00	0.00	21	40	10.5	66.56	Bronze Brushed + Bronze Clear Coat	Flow Forming	900.0000	13.6000	5	0
00000017031851	Forzza	Ratlankis Forzza Gravity 8,5X19 5X112 ET45 66,56 BFM + Black Clear Coat	gravity	292.00	228.00	80	http://4ratis.lt/customer_xml/Photos/forzza_gravity_iv23145_8_5x19_bfm_black_clear_coat.jpg	fr19512	112.00	0.00	19	45	8.5	66.56	BFM + Black Clear Coat	Flow Forming	900.0000	15.2900	5	0
00000017031868	Forzza	Ratlankis Forzza Gravity 8,5X20 5X112 ET35 66,56 Bronze Brushed + Bronze Clear Coat	gravity	390.00	295.00	1	http://4ratis.lt/customer_xml/Photos/forzza_gravity_8_5x20_bronze_1000.jpg	fr20512	112.00	0.00	20	35	8.5	66.56	Bronze Brushed + Bronze Clear Coat	Flow Forming	900.0000	11.9800	5	0
00000017031943	Forzza	Ratlankis Forzza Gravity 9X21 5X112 ET35 66,56 Black	gravity	440.00	334.00	22	http://4ratis.lt/customer_xml/Photos/forzza_gravity_9x21_black_1000.jpg	fr21512	112.00	0.00	21	35	9.0	66.56	Black	Flow Forming	900.0000	14.2000	5	0
00000017036245	Forzza	Ratlankis Forzza Gravity 8,5X19 5X112 ET35 66,56 Satin Grey	gravity	292.00	228.00	16	http://4ratis.lt/customer_xml/Photos/forzza_gravity_iv23145_8_5x19_satin_grey.jpg	fr19512	112.00	0.00	19	35	8.5	66.56	Satin Grey	Flow Forming	900.0000	11.1000	5	0
00000017031875	Forzza	Ratlankis Forzza Gravity 8,5X20 5X112 ET25 66,56 BFM + Black Clear Coat	gravity	355.00	270.00	36	http://4ratis.lt/customer_xml/Photos/forzza_gravity_iv23145_8_5x20_bfm_black_clear_coat.jpg	fr20512	112.00	0.00	20	25	8.5	66.56	BFM + Black Clear Coat	Flow Forming	900.0000	11.9800	5	0
00000017036252	Forzza	Ratlankis Forzza Gravity 8,5X19 5X112 ET45 66,56 Satin Grey	gravity	292.00	228.00	20	http://4ratis.lt/customer_xml/Photos/forzza_gravity_iv23145_8_5x19_satin_grey.jpg	fr19512	112.00	0.00	19	45	8.5	66.56	Satin Grey	Flow Forming	900.0000	9.6000	5	0
00000017031882	Forzza	Ratlankis Forzza Gravity 8,5X20 5X112 ET35 66,56 BFM + Black Clear Coat	gravity	355.00	270.00	56	http://4ratis.lt/customer_xml/Photos/forzza_gravity_iv23145_8_5x20_bfm_black_clear_coat.jpg	fr20512	112.00	0.00	20	35	8.5	66.56	BFM + Black Clear Coat	Flow Forming	900.0000	11.9800	5	0
00000017031899	Forzza	Ratlankis Forzza Gravity 10X20 5X112 ET40 66,56 BFM + Black Clear Coat	gravity	355.00	270.00	38	http://4ratis.lt/customer_xml/Photos/forzza_gravity_iv23145_10x20_bfm_black_clear_coat.jpg	fr20512	112.00	0.00	20	40	10.0	66.56	BFM + Black Clear Coat	Flow Forming	900.0000	11.9000	5	0
00000017031905	Forzza	Ratlankis Forzza Gravity 9X20 5X112 ET35 66,56 Black	gravity	355.00	270.00	56	http://4ratis.lt/customer_xml/Photos/forzza_gravity_8_5x20_black_1000.jpg	fr20512	112.00	0.00	20	35	9.0	66.56	Black	Flow Forming	900.0000	11.9000	5	0
00000017037099	Forzza	Ratlankis Forzza Gravity 8,5X19 5X112 ET35 66,56 BFM + Black Clear Coat	gravity	292.00	228.00	28	http://4ratis.lt/customer_xml/Photos/forzza_gravity_iv23145_8_5x19_bfm_black_clear_coat.jpg	fr19512	112.00	0.00	19	35	8.5	66.56	BFM + Black Clear Coat	Flow Forming	900.0000	14.2800	5	0
00000017036269	Forzza	Ratlankis Forzza Gravity 8,5X20 5X112 ET25 66,56 Satin Grey	gravity	355.00	270.00	30	http://4ratis.lt/customer_xml/Photos/forzza_gravity_iv23145_8_5x20_satin_grey.jpg	fr20512	112.00	0.00	20	25	8.5	66.56	Satin Grey	Flow Forming	900.0000	11.9000	5	0
00000017036276	Forzza	Ratlankis Forzza Gravity 10X20 5X112 ET40 66,56 Satin Grey	gravity	355.00	270.00	25	http://4ratis.lt/customer_xml/Photos/forzza_gravity_iv23145_10x20_satin_grey.jpg	fr20512	112.00	0.00	20	40	10.0	66.56	Satin Grey	Flow Forming	900.0000	11.9000	5	0
00000017040341	Forzza	Ratlankis Forzza Vega 8X19 5X112 ET42 66,45 Gloss Black	Vega	292.00	228.00	76	http://4ratis.lt/customer_xml/Photos/forzza_vega_9x19_iv23146_gloss_black.jpg	fr19512	112.00	0.00	19	42	8.0	66.45	Gloss Black		900.0000	11.2000	5	0
00000017040396	Forzza	Ratlankis Forzza Vega 9X20 5X112 ET35 66,45 Gloss Black	Vega	355.00	270.00	68	http://4ratis.lt/customer_xml/Photos/forzza_vega_9x20_iv23146_gloss_black.jpg	fr20512	112.00	0.00	20	35	9.0	66.45	Gloss Black		900.0000	12.3000	5	0
00000017040358	Forzza	Ratlankis Forzza Vega 8X19 5X112 ET35 66,45 Gloss Black	Vega	292.00	228.00	72	http://4ratis.lt/customer_xml/Photos/forzza_vega_9x19_iv23146_gloss_black.jpg	fr19512	112.00	0.00	19	35	8.0	66.45	Gloss Black		900.0000	11.2000	5	0
00000017040402	Forzza	Ratlankis Forzza Vega 8,5X20 5X112 ET25 66,45 Gloss Black	Vega	355.00	270.00	60	http://4ratis.lt/customer_xml/Photos/forzza_vega_9x20_iv23146_gloss_black.jpg	fr20512	112.00	0.00	20	25	8.5	66.45	Gloss Black		900.0000	12.3000	5	0
00000017040372	Forzza	Ratlankis Forzza Vega 8X19 5X112 ET25 66,45 Gloss Black	Vega	292.00	228.00	58	http://4ratis.lt/customer_xml/Photos/forzza_vega_9x19_iv23146_gloss_black.jpg	fr19512	112.00	0.00	19	25	8.0	66.45	Gloss Black		900.0000	11.2000	5	0
00000017040419	Forzza	Ratlankis Forzza Vega 10X20 5X112 ET38 66,45 Gloss Black	Vega	355.00	270.00	58	http://4ratis.lt/customer_xml/Photos/forzza_vega_10x20_iv23146_gloss_black.jpg	fr20512	112.00	0.00	20	38	10.0	66.45	Gloss Black		900.0000	12.3000	5	0
00000017040389	Forzza	Ratlankis Forzza Vega 9X19 5X112 ET40 66,45 Gloss Black	Vega	292.00	228.00	62	http://4ratis.lt/customer_xml/Photos/forzza_vega_9x19_iv23146_gloss_black.jpg	fr19512	112.00	0.00	19	40	9.0	66.45	Gloss Black		900.0000	11.8000	5	0
00000017040464	Forzza	Ratlankis Forzza Vega 9X20 5X112 ET35 66,45 Bronze Tint	Vega	390.00	295.00	38	http://4ratis.lt/customer_xml/Photos/forzza_vega_9x20_iv23146_bronze_tint.jpg	fr20512	112.00	0.00	20	35	9.0	66.45	Bronze Tint		900.0000	12.3000	5	0
00000017040426	Forzza	Ratlankis Forzza Vega 8X19 5X112 ET42 66,45 Bronze Tint	Vega	344.00	270.00	66	http://4ratis.lt/customer_xml/Photos/forzza_vega_8x19_iv23146_bronze_tint.jpg	fr19512	112.00	0.00	19	42	8.0	66.45	Bronze Tint		900.0000	11.2000	5	0
00000017040471	Forzza	Ratlankis Forzza Vega 8,5X20 5X112 ET25 66,45 Bronze Tint	Vega	390.00	295.00	66	http://4ratis.lt/customer_xml/Photos/forzza_vega_9x20_iv23146_bronze_tint.jpg	fr20512	112.00	0.00	20	25	8.5	66.45	Bronze Tint		900.0000	12.3000	5	0
00000017040433	Forzza	Ratlankis Forzza Vega 8X19 5X112 ET35 66,45 Bronze Tint	Vega	344.00	270.00	80	http://4ratis.lt/customer_xml/Photos/forzza_vega_8x19_iv23146_bronze_tint.jpg	fr19512	112.00	0.00	19	35	8.0	66.45	Bronze Tint		900.0000	11.2000	5	0
00000017040488	Forzza	Ratlankis Forzza Vega 10X20 5X112 ET38 66,45 Bronze Tint	Vega	390.00	295.00	55	http://4ratis.lt/customer_xml/Photos/forzza_vega_10x20_iv23146_bronze_tint.jpg	fr20512	112.00	0.00	20	38	10.0	66.45	Bronze Tint		900.0000	12.3000	5	0
00000017040440	Forzza	Ratlankis Forzza Vega 8X19 5X112 ET25 66,45 Bronze Tint	Vega	344.00	270.00	54	http://4ratis.lt/customer_xml/Photos/forzza_vega_8x19_iv23146_bronze_tint.jpg	fr19512	112.00	0.00	19	25	8.0	66.45	Bronze Tint		900.0000	11.2000	5	0
00000017040457	Forzza	Ratlankis Forzza Vega 9X19 5X112 ET40 66,45 Bronze Tint	Vega	344.00	270.00	55	http://4ratis.lt/customer_xml/Photos/forzza_vega_iv23146_9x19_bronze_tint.jpg	fr19512	112.00	0.00	19	40	9.0	66.45	Bronze Tint		900.0000	11.8000	5	0
00000017040495	Forzza	Ratlankis Forzza Sirius 8X19 5X112 ET42 66,45 Gloss Black	Sirius	292.00	228.00	44	http://4ratis.lt/customer_xml/Photos/forzza_sirius_iv23147_8x19_gloss_black.jpg	fr19512	112.00	0.00	19	42	8.0	66.45	Gloss Black		900.0000	11.7000	5	0
00000017040532	Forzza	Ratlankis Forzza Sirius 8,5X20 5X112 ET35 66,45 Gloss Black	Sirius	355.00	270.00	68	http://4ratis.lt/customer_xml/Photos/forzza_sirius_8_5x20_iv23147_gloss_black2.jpg	fr20512	112.00	0.00	20	35	8.5	66.45	Gloss Black		900.0000	.0000	5	0
00000017040501	Forzza	Ratlankis Forzza Sirius 8X19 5X112 ET35 66,45 Gloss Black	Sirius	292.00	228.00	72	http://4ratis.lt/customer_xml/Photos/forzza_sirius_iv23147_8x19_gloss_black.jpg	fr19512	112.00	0.00	19	35	8.0	66.45	Gloss Black		900.0000	11.8000	5	0
00000017040549	Forzza	Ratlankis Forzza Sirius 8,5X20 5X112 ET25 66,45 Gloss Black	Sirius	355.00	270.00	24	http://4ratis.lt/customer_xml/Photos/forzza_sirius_8_5x20_iv23147_gloss_black2.jpg	fr20512	112.00	0.00	20	25	8.5	66.45	Gloss Black		900.0000	.0000	5	0
00000017040518	Forzza	Ratlankis Forzza Sirius 8X19 5X112 ET25 66,45 Gloss Black	Sirius	292.00	228.00	64	http://4ratis.lt/customer_xml/Photos/forzza_sirius_iv23147_8x19_gloss_black.jpg	fr19512	112.00	0.00	19	25	8.0	66.45	Gloss Black		900.0000	.0000	5	0
00000017040556	Forzza	Ratlankis Forzza Sirius 10X20 5X112 ET38 66,45 Gloss Black	Sirius	355.00	270.00	51	http://4ratis.lt/customer_xml/Photos/forzza_sirius_10x20_iv23147_gloss_black2.jpg	fr20512	112.00	0.00	20	38	10.0	66.45	Gloss Black		900.0000	.0000	5	0
00000017040525	Forzza	Ratlankis Forzza Sirius 9X19 5X112 ET40 66,45 Gloss Black	Sirius	292.00	228.00	72	http://4ratis.lt/customer_xml/Photos/forzza_sirius_9x19_iv23147_gloss_black2.jpg	fr19512	112.00	0.00	19	40	9.0	66.45	Gloss Black		900.0000	.0000	5	0
00000017013208	Forzza	Ratlankis Forzza Kyoto 8,5X18 5X114,3 ET42 73,1 Satin Gunmetal	Kyoto	228.00	175.00	3	http://4ratis.lt/customer_xml/Photos/forzza_kyoto_satin_gunmetal_1000.jpg	fr18514	114.30	0.00	18	42	8.5	73.10	Satin Gunmetal	Flow Forming	690.0000	9.0000	5	0
00000017030571	Forzza	Ratlankis Forzza Storm 8,5X19 5X112 ET25 66,45 Black Magic Lip Polished	Storm	264.00	201.00	36	http://4ratis.lt/customer_xml/Photos/forzza_storm_yu1153_8_5x19_black_magic_lm.jpg	fr19512	112.00	0.00	19	25	8.5	66.45	Black Magic Lip Polished	Flow Forming	820.0000	11.0000	5	0
00000017030625	Forzza	Ratlankis Forzza Storm 8,5X19 5X120 ET30 72,56 Black Magic Lip Polished	Storm	264.00	201.00	8	http://4ratis.lt/customer_xml/Photos/forzza_storm_yu1153_8_5x19_black_magic_lm.jpg	fr19520	120.00	0.00	19	30	8.5	72.56	Black Magic Lip Polished	Flow Forming	820.0000	11.0000	5	0
00000017030557	Forzza	Ratlankis Forzza Storm 9X20 5X112 ET25 66,45 Black Magic Lip Polished	Storm	317.00	233.00	12	http://4ratis.lt/customer_xml/Photos/forzza_storm_yu1153_9x20_black_magic_lm.jpg	fr20512	112.00	0.00	20	25	9.0	66.45	Black Magic Lip Polished	Flow Forming	820.0000	12.6000	5	0
00000017030601	Forzza	Ratlankis Forzza Storm 9X20 5X120 ET30 72,56 Black Magic Lip Polished	Storm	317.00	233.00	9	http://4ratis.lt/customer_xml/Photos/forzza_storm_yu1153_9x20_black_magic_lm.jpg	fr20520	120.00	0.00	20	30	9.0	72.56	Black Magic Lip Polished	Flow Forming	820.0000	12.1500	5	0
00000017030588	Forzza	Ratlankis Forzza Storm 8,5X19 5X112 ET35 66,45 Black Magic Lip Polished	Storm	264.00	201.00	6	http://4ratis.lt/customer_xml/Photos/forzza_storm_yu1153_8_5x19_black_magic_lm.jpg	fr19512	112.00	0.00	19	35	8.5	66.45	Black Magic Lip Polished	Flow Forming	820.0000	11.6000	5	0
00000017030632	Forzza	Ratlankis Forzza Storm 9,5X19 5X120 ET38 72,56 Black Magic Lip Polished	Storm	264.00	201.00	4	http://4ratis.lt/customer_xml/Photos/forzza_storm_yu1153_9_5x19_black_magic_lm.jpg	fr19520	120.00	0.00	19	38	9.5	72.56	Black Magic Lip Polished	Flow Forming	820.0000	11.1000	5	0
00000017030564	Forzza	Ratlankis Forzza Storm 10,5X20 5X112 ET40  66,45 Black Magic Lip Polished	Storm	317.00	233.00	11	http://4ratis.lt/customer_xml/Photos/forzza_storm_yu1153_10_5x20_black_magic_lm.jpg	fr20512	112.00	0.00	20	40	10.5	66.45	Black Magic Lip Polished	Flow Forming	820.0000	12.5000	5	0
00000017030618	Forzza	Ratlankis Forzza Storm 10,5X20 5X120 ET38 72,56 Black Magic Lip Polished	Storm	317.00	233.00	9	http://4ratis.lt/customer_xml/Photos/forzza_storm_yu1153_10_5x20_black_magic_lm.jpg	fr20520	120.00	0.00	20	38	10.5	72.56	Black Magic Lip Polished	Flow Forming	820.0000	11.9000	5	0
00000017030595	Forzza	Ratlankis Forzza Storm 9,5X19 5X112 ET40 66,45 Black Magic Lip Polished	Storm	292.00	201.00	8	http://4ratis.lt/customer_xml/Photos/forzza_storm_yu1153_9_5x19_black_magic_lm.jpg	fr19512	112.00	0.00	19	40	9.5	66.45	Black Magic Lip Polished	Flow Forming	820.0000	11.1000	5	0
00000017030502	Forzza	Ratlankis Forzza Urban 8,5X19 5X114,3 ET40 64,15 Satin Black / Max Load 815 kg	Urban	264.00	201.00	16	http://4ratis.lt/customer_xml/Photos/forzza_urban_yu1449_8_5x20_satin_black.jpg	fr19514	114.30	0.00	19	40	8.5	64.15	Satin Black	Flow Forming	815.0000	11.6000	5	0
00000017030526	Forzza	Ratlankis Forzza Urban 9,5X20 5X114,3 ET45 64,15 Satin Black / Max Load 850 kg	Urban	240.00	180.00	1	http://4ratis.lt/customer_xml/Photos/forzza_urban_yu1449_9_5x20x_satin_black.jpg	fr20514	114.30	0.00	20	45	9.5	64.15	Satin Black	Flow Forming	850.0000	11.6000	5	0
00000017027946	Forzza	Ratlankis Forzza Spectrum 8X18 5X112 ET42 66,45 Black Magic	Spectrum	228.00	175.00	41	http://4ratis.lt/customer_xml/Photos/forzza_spectrum_19x8_5_black_magic_2_1000.jpg	fr18512	112.00	0.00	18	42	8.0	66.45	Black Magic	Flow Forming	.0000	9.6000	5	0
00000017027960	Forzza	Ratlankis Forzza Spectrum 8X18 5X114,3 ET42 73,1 Black Magic	Spectrum	228.00	175.00	18	http://4ratis.lt/customer_xml/Photos/forzza_spectrum_19x8_5_black_magic_2_1000.jpg	fr18514	114.30	0.00	18	42	8.0	73.10	Black Magic	Flow Forming	.0000	9.6000	5	0
00000017027977	Forzza	Ratlankis Forzza Spectrum 8,5X19 5X112 ET42 66,45 Black Magic	Spectrum	264.00	201.00	7	http://4ratis.lt/customer_xml/Photos/forzza_spectrum_19x8_5_black_magic_2_1000.jpg	fr19512	112.00	0.00	19	42	8.5	66.45	Black Magic	Flow Forming	815.0000	11.5000	5	0
00000017028011	Forzza	Ratlankis Forzza Spectrum 8,5X19 5X114,3 ET42 73,1 Black Magic	Spectrum	264.00	201.00	48	http://4ratis.lt/customer_xml/Photos/forzza_spectrum_19x8_5_black_magic_2_1000.jpg	fr19514	114.30	0.00	19	42	8.5	73.10	Black Magic	Flow Forming	815.0000	11.0000	5	0
00000017028240	Forzza	Ratlankis Forzza Spectrum 8,5X19 5X120 ET32 72,56 BFM + Black Clear Coat	Spectrum	264.00	201.00	28	http://4ratis.lt/customer_xml/Photos/forzza_spectrum_20x9_bfm_black_clear_coat_2_1000.jpg	fr19520	120.00	0.00	19	32	8.5	72.56	BFM + Black Clear Coat	Flow Forming	815.0000	10.8000	5	0
00000017028042	Forzza	Ratlankis Forzza Spectrum 9X20 5X112 ET35 66,45 Black Magic	Spectrum	317.00	233.00	29	http://4ratis.lt/customer_xml/Photos/forzza_spectrum_20x9_black_magic_2_1000.jpg	fr20512	112.00	0.00	20	35	9.0	66.45	Black Magic	Flow Forming	815.0000	12.6000	5	0
00000017028028	Forzza	Ratlankis Forzza Spectrum 9X20 5X114,3 ET35 73,1 Black Magic	Spectrum	317.00	233.00	30	http://4ratis.lt/customer_xml/Photos/forzza_spectrum_20x9_black_magic_2_1000.jpg	fr20514	114.30	0.00	20	35	9.0	73.10	Black Magic	Flow Forming	815.0000	12.6000	5	0
00000017028073	Forzza	Ratlankis Forzza Spectrum 9X20 5X120 ET32 72,56 BFM+ Black Clear Coat	Spectrum	317.00	233.00	2	http://4ratis.lt/customer_xml/Photos/forzza_spectrum_20x9_bfm_black_clear_coat_2_1000.jpg	fr20520	120.00	0.00	20	32	9.0	72.56	BFM + Black Clear Coat	Flow Forming	815.0000	12.6000	5	0
00000017027953	Forzza	Ratlankis Forzza Spectrum 8X18 5X112 ET42 66,45 Black Magic Machined	Spectrum	228.00	175.00	24	http://4ratis.lt/customer_xml/Photos/forzza_spectrum_19x8_5_black_magic_machined_2_1000.jpg	fr18512	112.00	0.00	18	42	8.0	66.45	Black Magic Machined	Flow Forming	.0000	9.6000	5	0
00000017027984	Forzza	Ratlankis Forzza Spectrum 8,5X19 5X112 ET42 66,45 Black Magic Machined	Spectrum	264.00	201.00	35	http://4ratis.lt/customer_xml/Photos/forzza_spectrum_19x8_5_black_magic_machined_2_1000.jpg	fr19512	112.00	0.00	19	42	8.5	66.45	Black Magic Machined	Flow Forming	815.0000	11.0000	5	0
00000017028257	Forzza	Ratlankis Forzza Spectrum 9,5X19 5X120 ET38 72,56 BFM + Black Clear Coat	Spectrum	264.00	201.00	16	http://4ratis.lt/customer_xml/Photos/forzza_spectrum_20x9_bfm_black_clear_coat_2_1000.jpg	fr19520	120.00	0.00	19	38	9.5	72.56	BFM + Black Clear Coat	Flow Forming	815.0000	9.0000	5	0
00000017028059	Forzza	Ratlankis Forzza Spectrum 9X20 5X112 ET25 66,45 Black Magic	Spectrum	317.00	233.00	15	http://4ratis.lt/customer_xml/Photos/forzza_spectrum_20x9_black_magic_2_1000.jpg	fr20512	112.00	0.00	20	25	9.0	66.45	Black Magic	Flow Forming	815.0000	12.6000	5	0
00000017028035	Forzza	Ratlankis Forzza Spectrum 10,5X20 5X114,3 ET40 73,1 Black Magic	Spectrum	317.00	233.00	5	http://4ratis.lt/customer_xml/Photos/forzza_spectrum_20x10_5_black_magic_2_1000.jpg	fr20514	114.30	0.00	20	40	10.5	73.10	Black Magic	Flow Forming	815.0000	11.9000	5	0
00000017028080	Forzza	Ratlankis Forzza Spectrum 10,5X20 5X120 ET38 72,56 BFM+ Black Clear Coat	Spectrum	317.00	233.00	9	http://4ratis.lt/customer_xml/Photos/forzza_spectrum_20x10_5_bfm_black_clear_coat_2_1000.jpg	fr20520	120.00	0.00	20	38	10.5	72.56	BFM + Black Clear Coat	Flow Forming	815.0000	11.9000	5	0
00000017027991	Forzza	Ratlankis Forzza Spectrum 8,5X19 5X112 ET25 66,45 Black Magic	Spectrum	292.00	201.00	34	http://4ratis.lt/customer_xml/Photos/forzza_spectrum_19x8_5_black_magic_2_1000.jpg	fr19512	112.00	0.00	19	25	8.5	66.45	Black Magic	Flow Forming	815.0000	11.0000	5	0
00000017028066	Forzza	Ratlankis Forzza Spectrum 10,5X20 5X112 ET38 66,45 Black Magic	Spectrum	317.00	233.00	2	http://4ratis.lt/customer_xml/Photos/forzza_spectrum_20x10_5_black_magic_2_1000.jpg	fr20512	112.00	0.00	20	38	10.5	66.45	Black Magic	Flow Forming	815.0000	11.9000	5	0
00000017028004	Forzza	Ratlankis Forzza Spectrum 9,5X19 5X112 ET38 66,45 Black Magic	Spectrum	264.00	201.00	38	http://4ratis.lt/customer_xml/Photos/forzza_spectrum_19x9_5_black_magic_2_1000.jpg	fr19512	112.00	0.00	19	38	9.5	66.45	Black Magic	Flow Forming	815.0000	10.4000	5	0
00000017028264	Forzza	Ratlankis Forzza Spectrum 9X20 5X112 ET25 66,45 BFM + Black Clear Coat	Spectrum	317.00	233.00	20	http://4ratis.lt/customer_xml/Photos/forzza_spectrum_20x9_bfm_black_clear_coat_2_1000.jpg	fr20512	112.00	0.00	20	25	9.0	66.45	BFM + Black Clear Coat	Flow Forming	815.0000	11.8000	5	0
00000017028271	Forzza	Ratlankis Forzza Spectrum 10,5X20 5X112 ET38 66,45 BFM + Black Clear Coat	Spectrum	317.00	233.00	15	http://4ratis.lt/customer_xml/Photos/forzza_spectrum_20x10_5_bfm_black_clear_coat_2_1000.jpg	fr20512	112.00	0.00	20	38	10.5	66.45	BFM + Black Clear Coat	Flow Forming	815.0000	11.9000	5	0
00000017016339	Forzza	Ratlankis Forzza Velvet 8X18 5X108 ET40 67,1 SS	Velvet	228.00	175.00	7	http://4ratis.lt/customer_xml/Photos/forzza_velvet_shining_silver_1000.jpg	fr18508	108.00	0.00	18	40	8.0	67.10	Shining Silver	Casting	690.0000	11.8000	5	0
00000017015288	Forzza	Ratlankis Forzza Velvet 8X18 5X112 ET45 66,45 DGP	Velvet	228.00	175.00	7	http://4ratis.lt/customer_xml/Photos/forzza_velvet_dark_graphite_1000.jpg	fr18512	112.00	0.00	18	45	8.0	66.45	Dark Graphite	Casting	690.0000	11.8000	5	0
00000017037655	Forzza	Ratlankis Forzza Eternity 8X18 5X112 ET42 66,56 Shining Silver	Eternity	239.00	186.00	20	http://4ratis.lt/customer_xml/Photos/forzza_eternity_da2878_8_5x19_shining_silver_phone.jpeg	fr18512	112.00	0.00	18	42	8.0	66.56	Shining Silver	Flow Forming	750.0000	11.8000	5	0
00000017037662	Forzza	Ratlankis Forzza Eternity 8X18 5X120 ET35 72,56 Shining Silver	Eternity	239.00	186.00	28	http://4ratis.lt/customer_xml/Photos/forzza_eternity_da2878_8_5x19_shining_silver_phone.jpeg	fr18520	120.00	0.00	18	35	8.0	72.56	Shining Silver	Flow Forming	750.0000	11.8000	5	0
00000017037693	Forzza	Ratlankis Forzza Eternity 8,5X19 5X112 ET42 66,56 Shining Silver	Eternity	292.00	228.00	16	http://4ratis.lt/customer_xml/Photos/forzza_eternity_da2878_8_5x19_shining_silver_phone.jpeg	fr19512	112.00	0.00	19	42	8.5	66.56	Shining Silver	Flow Forming	815.0000	11.8000	5	0
00000017037679	Forzza	Ratlankis Forzza Eternity 8,5X19 5X120 ET30 72,56 Shining Silver	Eternity	292.00	228.00	16	http://4ratis.lt/customer_xml/Photos/forzza_eternity_da2878_8_5x19_shining_silver_phone.jpeg	fr19520	120.00	0.00	19	30	8.5	72.56	Shining Silver	Flow Forming	815.0000	11.8000	5	0
00000017037600	Forzza	Ratlankis Forzza Eternity 10,5X20 5X112 ET37 66,56 Shining Silver	Eternity	355.00	270.00	24	http://4ratis.lt/customer_xml/Photos/forzza_eternity_da2878_10_5x20_shining_silver_phone.jpeg	fr20512	112.00	0.00	20	37	10.5	66.56	Shining Silver	Flow Forming	850.0000	11.8000	5	0
00000017037624	Forzza	Ratlankis Forzza Eternity 10,5X20 5X120 ET37 72,56 Shining Silver	Eternity	355.00	270.00	35	http://4ratis.lt/customer_xml/Photos/forzza_eternity_da2878_10_5x20_shining_silver_phone.jpeg	fr20520	120.00	0.00	20	37	10.5	72.56	Shining Silver	Flow Forming	850.0000	11.8000	5	0
00000017037709	Forzza	Ratlankis Forzza Eternity 9,5X19 5X112 ET37 66,56 Shining Silver	Eternity	292.00	228.00	30	http://4ratis.lt/customer_xml/Photos/forzza_eternity_da2878_9_5x19_shining_silver_phone.jpeg	fr19512	112.00	0.00	19	37	9.5	66.56	Shining Silver	Flow Forming	815.0000	11.8000	5	0
00000017037686	Forzza	Ratlankis Forzza Eternity 9,5X19 5X120 ET37 72,56 Shining Silver	Eternity	292.00	228.00	15	http://4ratis.lt/customer_xml/Photos/forzza_eternity_da2878_9_5x19_shining_silver_phone.jpeg	fr19520	120.00	0.00	19	37	9.5	72.56	Shining Silver	Flow Forming	815.0000	11.8000	5	0
00000017037617	Forzza	Ratlankis Forzza Eternity 8,5X20 5X112 ET25 66,56 Shining Silver	Eternity	355.00	270.00	36	http://4ratis.lt/customer_xml/Photos/forzza_eternity_da2878_9x20_shining_silver_phone.jpeg	fr20512	112.00	0.00	20	25	8.5	66.56	Shining Silver	Flow Forming	850.0000	11.8000	5	0
00000017037631	Forzza	Ratlankis Forzza Eternity 8,5X20 5X120 ET30 72,56 Shining Silver	Eternity	355.00	270.00	32	http://4ratis.lt/customer_xml/Photos/forzza_eternity_da2878_9x20_shining_silver_phone.jpeg	fr20520	120.00	0.00	20	30	8.5	72.56	Shining Silver	Flow Forming	850.0000	11.8000	5	0
00000017037716	Forzza	Ratlankis Forzza Eternity 8,5X19 5X112 ET30 66,56 Shining Silver	Eternity	292.00	228.00	28	http://4ratis.lt/customer_xml/Photos/forzza_eternity_da2878_8_5x19_shining_silver_phone.jpeg	fr19512	112.00	0.00	19	30	8.5	66.56	Shining Silver	Flow Forming	815.0000	11.8000	5	0
00000017037648	Forzza	Ratlankis Forzza Eternity 9X20 5X112 ET35 66,56 Shining Silver	Eternity	355.00	270.00	38	http://4ratis.lt/customer_xml/Photos/forzza_eternity_da2878_9x20_shining_silver_phone.jpeg	fr20512	112.00	0.00	20	35	9.0	66.56	Shining Silver	Flow Forming	850.0000	11.8000	5	0
2000000017488	Forzza	Ratlankis Forzza Bosan 8,5X19 5X112 ET35 66,45 BmFM	Bosan	264.00	201.00	22	http://4ratis.lt/customer_xml/Photos/forzza_bosan_20inch_9j_bmfm_1000.jpg	fr19512	112.00	0.00	19	35	8.5	66.45	Black Matt Face Machined	Casting	735.0000	11.6000	5	0
00000017019965	Forzza	Ratlankis Forzza Bosan 8,5X19 5X114,3 ET35 73,1 BmFM	Bosan	249.00	190.00	1	http://4ratis.lt/customer_xml/Photos/forzza_bosan_20inch_9j_bmfm_1000.jpg	fr19514	114.30	0.00	19	35	8.5	73.10	Black Matt Face Machined	Casting	735.0000	11.6000	5	0
00000017016346	Forzza	Ratlankis Forzza Bosan 8,5X19 5X120 ET30 72,6 BmFM	Bosan	264.00	201.00	1	http://4ratis.lt/customer_xml/Photos/forzza_bosan_20inch_9j_bmfm_1000.jpg	fr19520	120.00	0.00	19	30	8.5	72.60	Black Matt Face Machined	Casting	735.0000	11.6000	5	0
00000017016360	Forzza	Ratlankis Forzza Bosan 10,5X20 5X112 ET37 66,45 Satin Black	Bosan	317.00	233.00	25	http://4ratis.lt/customer_xml/Photos/forzza_bosan_20inch_10_5j_satin_black_1000.jpg	fr20512	112.00	0.00	20	37	10.5	66.45	Satin Black	Casting	735.0000	13.8000	5	0
00000017022378	Forzza	Ratlankis Forzza Bosan 10,5X20 5X114,3 ET37 73,1 Satin Black	Bosan	317.00	233.00	2	http://4ratis.lt/customer_xml/Photos/forzza_bosan_20inch_10_5j_satin_black_1000.jpg	fr20514	114.30	0.00	20	37	10.5	73.10	Satin Black	Casting	735.0000	13.8000	5	0
00000017016384	Forzza	Ratlankis Forzza Bosan 10,5X20 5X120 ET37 72,6 Satin Black	Bosan	317.00	233.00	10	http://4ratis.lt/customer_xml/Photos/forzza_bosan_20inch_10_5j_satin_black_1000.jpg	fr20520	120.00	0.00	20	37	10.5	72.60	Satin Black	Casting	735.0000	13.8000	5	0
00000017024372	Forzza	Ratlankis Forzza Bosan 9X21 5X120 ET30 72,56 Satin Black FLOW FORMING	Bosan	370.00	254.00	1	http://4ratis.lt/customer_xml/Photos/forzza_bosan_9x21_satin_black_1000.jpg	fr21520	120.00	0.00	21	30	9.0	72.56	Satin Black	Flow Forming	735.0000	13.6000	5	0
00000017020978	Forzza	Ratlankis Forzza Bosan 9X22 5X112 ET25 66,45 Satin Black	Bosan	387.00	297.00	26	http://4ratis.lt/customer_xml/Photos/forzza_bosan_9j_satin_black_1000.jpg	fr22512	112.00	0.00	22	25	9.0	66.45	Satin Black	Casting	725.0000	16.9000	5	0
00000017021524	Forzza	Ratlankis Forzza Bosan 10,5X20 5X112 ET37 66,45 SFM	Bosan	317.00	233.00	32	http://4ratis.lt/customer_xml/Photos/forzza_bosan_10_5x20_sfm_1000.jpg	fr20512	112.00	0.00	20	37	10.5	66.45	Silver Face Machined	Casting	735.0000	13.8000	5	0
00000017021036	Forzza	Ratlankis Forzza Bosan 8,5X19 5X112 ET25 66,45 Satin Black	Bosan	264.00	201.00	24	http://4ratis.lt/customer_xml/Photos/forzza_bosan_20inch_9j_satin_black_1000.jpg	fr19512	112.00	0.00	19	25	8.5	66.45	Satin Black	Casting	735.0000	11.6000	5	0
00000017022361	Forzza	Ratlankis Forzza Bosan 8,5X19 5X114,3 ET35 73,1 Satin Black	Bosan	264.00	201.00	21	http://4ratis.lt/customer_xml/Photos/forzza_bosan_20inch_9j_satin_black_1000.jpg	fr19514	114.30	0.00	19	35	8.5	73.10	Satin Black	Casting	735.0000	11.6000	5	0
00000017016353	Forzza	Ratlankis Forzza Bosan 9,5X19 5X120 ET37 72,6 BMFM	Bosan	264.00	201.00	10	http://4ratis.lt/customer_xml/Photos/forzza_bosan_20inch_10_5_bmfm_1000.jpg	fr19520	120.00	0.00	19	37	9.5	72.60	Black Matt Face Machined	Casting	735.0000	12.1000	5	0
00000017022385	Forzza	Ratlankis Forzza Bosan 9X20 5X114,3 ET35 73,1 Satin Black	Bosan	317.00	233.00	7	http://4ratis.lt/customer_xml/Photos/forzza_bosan_20inch_9j_satin_black_1000.jpg	fr20514	114.30	0.00	20	35	9.0	73.10	Satin Black	Casting	735.0000	13.8000	5	0
00000017016391	Forzza	Ratlankis Forzza Bosan 9X20 5X120 ET30 72,56 Satin Black	Bosan	317.00	233.00	13	http://4ratis.lt/customer_xml/Photos/forzza_bosan_20inch_9j_satin_black_1000.jpg	fr20520	120.00	0.00	20	30	9.0	72.56	Satin Black	Casting	735.0000	13.8000	5	0
00000017024389	Forzza	Ratlankis Forzza Bosan 10,5X21 5X120 ET38 72,56 Satin Black FLOW FORMING	Bosan	370.00	254.00	1	http://4ratis.lt/customer_xml/Photos/forzza_bosan_10_5x21_satin_black_1000.jpg	fr21520	120.00	0.00	21	38	10.5	72.56	Satin Black	Flow Forming	735.0000	13.6000	5	0
00000017020985	Forzza	Ratlankis Forzza Bosan 9X22 5X112 ET35 66,45 Satin Black	Bosan	387.00	297.00	19	http://4ratis.lt/customer_xml/Photos/forzza_bosan_9j_satin_black_1000.jpg	fr22512	112.00	0.00	22	35	9.0	66.45	Satin Black	Casting	725.0000	16.9000	5	0
2000000017495	Forzza	Ratlankis Forzza Bosan 9,5X19 5X112 ET35 66,45 BmFM	Bosan	264.00	201.00	25	http://4ratis.lt/customer_xml/Photos/forzza_bosan_20inch_10_5_bmfm_1000.jpg	fr19512	112.00	0.00	19	35	9.5	66.45	Black Matt Face Machined	Casting	735.0000	12.0000	5	0
00000017019972	Forzza	Ratlankis Forzza Bosan 8,5X19 5X120 ET30 72,6 Satin Black	Bosan	264.00	201.00	28	http://4ratis.lt/customer_xml/Photos/forzza_bosan_20inch_9j_satin_black_1000.jpg	fr19520	120.00	0.00	19	30	8.5	72.60	Satin Black	Casting	735.0000	11.6000	5	0
00000017021821	Forzza	Ratlankis Forzza Bosan 9X20 5X112 ET25 66,45 Satin Black	Bosan	317.00	233.00	22	http://4ratis.lt/customer_xml/Photos/forzza_bosan_20inch_9j_satin_black_1000.jpg	fr20512	112.00	0.00	20	25	9.0	66.45	Satin Black	Casting	735.0000	13.6000	5	0
00000017024334	Forzza	Ratlankis Forzza Bosan 10,5X21 5X112 ET38 66,45 BmFM FLOW FORMING	Bosan	370.00	254.00	4	http://4ratis.lt/customer_xml/Photos/forzza_bosan_10_5x21_bmfm_1000.jpg	fr21512	112.00	0.00	21	38	10.5	66.45	Black Matt Face Machined	Flow Forming	725.0000	13.6000	5	0
00000017020992	Forzza	Ratlankis Forzza Bosan 10,5X22 5X112 ET38 66,45 Satin Black	Bosan	387.00	297.00	4	http://4ratis.lt/customer_xml/Photos/forzza_bosan_10_5_satin_black_1000.jpg	fr22512	112.00	0.00	22	38	10.5	66.45	Satin Black	Casting	725.0000	17.1000	5	0
00000017008938	Forzza	Ratlankis Forzza Bosan 8,5X19 5X112 ET35 66,45 Satin Black	Bosan	264.00	201.00	44	http://4ratis.lt/customer_xml/Photos/forzza_bosan_20inch_9j_satin_black_1000.jpg	fr19512	112.00	0.00	19	35	8.5	66.45	Satin Black	Casting	735.0000	11.6000	5	0
00000017019989	Forzza	Ratlankis Forzza Bosan 9,5X19 5X120 ET37 72,6 Satin Black	Bosan	264.00	201.00	20	http://4ratis.lt/customer_xml/Photos/forzza_bosan_20inch_10_5j_satin_black_1000.jpg	fr19520	120.00	0.00	19	37	9.5	72.60	Satin Black	Casting	735.0000	11.6000	5	0
00000017016407	Forzza	Ratlankis Forzza Bosan 9X20 5X112 ET30 66,45 BmFM	Bosan	317.00	233.00	14	http://4ratis.lt/customer_xml/Photos/forzza_bosan_20inch_9j_bmfm_1000.jpg	fr20512	112.00	0.00	20	30	9.0	66.45	Black Matt Face Machined	Casting	735.0000	13.8000	5	0
00000017016438	Forzza	Ratlankis Forzza Bosan 10,5X20 5X120 ET37 72,56 BmFM	Bosan	317.00	233.00	2	http://4ratis.lt/customer_xml/Photos/forzza_bosan_20inch_10_5_bmfm_1000.jpg	fr20520	120.00	0.00	20	37	10.5	72.56	Black Matt Face Machined	Casting	735.0000	13.6000	5	0
00000017024341	Forzza	Ratlankis Forzza Bosan 9X21 5X112 ET25 66,45 Satin Black FLOW FORMING	Bosan	370.00	254.00	2	http://4ratis.lt/customer_xml/Photos/forzza_bosan_9x21_satin_black_1000.jpg	fr21512	112.00	0.00	21	25	9.0	66.45	Satin Black	Flow Forming	725.0000	13.6000	5	0
00000017021005	Forzza	Ratlankis Forzza Bosan 9X22 5X112 ET25 66,45 BmFM	Bosan	387.00	297.00	11	http://4ratis.lt/customer_xml/Photos/forzza_bosan_9j_bmfm_1000.jpg	fr22512	112.00	0.00	22	25	9.0	66.45	Black Matt Face Machined	Casting	725.0000	16.9000	5	0
00000017008945	Forzza	Ratlankis Forzza Bosan 9,5X19 5X112 ET35 66,45 Satin Black	Bosan	264.00	201.00	23	http://4ratis.lt/customer_xml/Photos/forzza_bosan_20inch_10_5j_satin_black_1000.jpg	fr19512	112.00	0.00	19	35	9.5	66.45	Satin Black	Casting	735.0000	12.0000	5	0
00000017021838	Forzza	Ratlankis Forzza Bosan 9X20 5X112 ET25 66,45 BmFM	Bosan	317.00	233.00	38	http://4ratis.lt/customer_xml/Photos/forzza_bosan_20inch_9j_bmfm_1000.jpg	fr20512	112.00	0.00	20	25	9.0	66.45	Black Matt Face Machined	Casting	735.0000	13.8000	5	0
00000017024358	Forzza	Ratlankis Forzza Bosan 9,5X21 5X112 ET30 66,45 Satin Black FLOW FORMING	Bosan	370.00	254.00	3	http://4ratis.lt/customer_xml/Photos/forzza_bosan_9_5x21_satin_black_1000.jpg	fr21512	112.00	0.00	21	30	9.5	66.45	Satin Black	Flow Forming	735.0000	13.6000	5	0
00000017021012	Forzza	Ratlankis Forzza Bosan 9X22 5X112 ET35 66,45 BmFM	Bosan	387.00	297.00	2	http://4ratis.lt/customer_xml/Photos/forzza_bosan_9j_bmfm_1000.jpg	fr22512	112.00	0.00	22	35	9.0	66.45	Black Matt Face Machined	Casting	725.0000	16.9000	5	0
00000017021043	Forzza	Ratlankis Forzza Bosan 8,5X19 5X112 ET25 66,45 BmFM	Bosan	264.00	201.00	31	http://4ratis.lt/customer_xml/Photos/forzza_bosan_20inch_9j_bmfm_1000.jpg	fr19512	112.00	0.00	19	25	8.5	66.45	Black Matt Face Machined	Casting	735.0000	11.6000	5	0
00000017016414	Forzza	Ratlankis Forzza Bosan 10,5X20 5X112 ET37 66,45 BmFM	Bosan	317.00	233.00	23	http://4ratis.lt/customer_xml/Photos/forzza_bosan_20inch_10_5_bmfm_1000.jpg	fr20512	112.00	0.00	20	37	10.5	66.45	Black Matt Face Machined	Casting	735.0000	13.8000	5	0
00000017021883	Forzza	Ratlankis Forzza Bosan 9X20 5X120 ET30 72,6 Candy Red	Bosan	299.00	220.00	4	http://4ratis.lt/customer_xml/Photos/forzza_bosan_9x20_candy_red_1000.jpg	fr20520	120.00	0.00	20	30	9.0	72.60	Candy Red	Casting	735.0000	13.8000	5	0
00000017024365	Forzza	Ratlankis Forzza Bosan 10,5X21 5X112 ET38 66,45 Satin Black FLOW FORMING	Bosan	370.00	254.00	20	http://4ratis.lt/customer_xml/Photos/forzza_bosan_10_5x21_satin_black_1000.jpg	fr21512	112.00	0.00	21	38	10.5	66.45	Satin Black	Flow Forming	725.0000	13.6000	5	0
00000017023276	Forzza	Ratlankis Forzza Bosan 8,5X19 5X112 ET35 66,45 Candy Red	Bosan	249.00	185.00	2	http://4ratis.lt/customer_xml/Photos/forzza_bosan_9x20_candy_red_1000.jpg	fr19512	112.00	0.00	19	35	8.5	66.45	Candy Red	Casting	735.0000	11.6000	5	0
00000017021845	Forzza	Ratlankis Forzza Bosan 9X20 5X112 ET35 66,45 BmFM	Bosan	317.00	233.00	10	http://4ratis.lt/customer_xml/Photos/forzza_bosan_20inch_9j_bmfm_1000.jpg	fr20512	112.00	0.00	20	35	9.0	66.45	Black Matt Face Machined	Casting	735.0000	13.8000	5	0
00000017021890	Forzza	Ratlankis Forzza Bosan 9X22 5X112 ET35 66,45 Candy Red	Bosan	250.00	190.00	16	http://4ratis.lt/customer_xml/Photos/forzza_bosan_9x22_candy_red_1000.jpg	fr22512	112.00	0.00	22	35	9.0	66.45	Candy Red	Casting	725.0000	16.9000	5	0
00000017021852	Forzza	Ratlankis Forzza Bosan 10,5X20 5X112 ET37 66,45 Candy Red	Bosan	359.00	243.00	1	http://4ratis.lt/customer_xml/Photos/forzza_bosan_10_5x20_candy_red_1000.jpg	fr20512	112.00	0.00	20	37	10.5	66.45	Candy Red	Casting	735.0000	13.8000	5	0
00000017021906	Forzza	Ratlankis Forzza Bosan 10,5X22 5X112 ET38 66,45 Candy Red	Bosan	250.00	190.00	14	http://4ratis.lt/customer_xml/Photos/forzza_bosan_10_5x22_candy_red_1000.jpg	fr22512	112.00	0.00	22	38	10.5	66.45	Candy Red	Casting	725.0000	17.1000	5	0
00000017024563	Forzza	Ratlankis Forzza Bosan 9,5X19 5X112 ET35 66,45 SFM	Bosan	264.00	201.00	8	http://4ratis.lt/customer_xml/Photos/forzza_bosan_10_5x20_sfm_1000.jpg	fr19512	112.00	0.00	19	35	9.5	66.45	Silver Face Machined	Casting	735.0000	12.0000	5	0
00000017021517	Forzza	Ratlankis Forzza Bosan 9X20 5X112 ET30 66,45 SFM	Bosan	317.00	233.00	17	http://4ratis.lt/customer_xml/Photos/forzza_bosan_9x20_sfm_1000.jpg	fr20512	112.00	0.00	20	30	9.0	66.45	Silver Face Machined	Casting	735.0000	13.8000	5	0
00000017021531	Forzza	Ratlankis Forzza Bosan 9X20 5X112 ET35 66,45 Satin Black	Bosan	317.00	233.00	25	http://4ratis.lt/customer_xml/Photos/forzza_bosan_20inch_9j_satin_black_1000.jpg	fr20512	112.00	0.00	20	35	9.0	66.45	Satin Black	Casting	735.0000	13.8000	5	0
2000000018256	Forzza	Ratlankis Forzza Vision 8X18 5X112 ET42 66,45 GFM	Vision	215.00	165.00	3	http://4ratis.lt/customer_xml/Photos/forzza_vision_dark_grey_face_machined_1000.jpg	fr18512	112.00	0.00	18	42	8.0	66.45	Grey Face Machined	Casting	690.0000	10.5000	5	0
00000017018159	Forzza	Ratlankis Forzza Orbit 7X16 5X100 ET35 73,1 Gun Metal	Orbit	140.00	108.00	3	http://4ratis.lt/customer_xml/Photos/forzza_orbit_gunmetal_1000.jpg	fr16500	100.00	0.00	16	35	7.0	73.10	Gunmetal	Casting	690.0000	7.8000	5	0
00000017024556	Forzza	Ratlankis Forzza Orbit 7,5X17 5X100 ET42 73,1 GM	Orbit	177.00	138.00	4	http://4ratis.lt/customer_xml/Photos/forzza_orbit_17inch_gunmetal_1000.jpg	fr17500	100.00	0.00	17	42	7.5	73.10	Gunmetal	Casting	690.0000	9.2000	5	0
00000017024532	Forzza	Ratlankis Forzza Orbit 7,5X17 5X112 ET42 66,45 GM	Orbit	177.00	138.00	12	http://4ratis.lt/customer_xml/Photos/forzza_orbit_17inch_gunmetal_1000.jpg	fr17512	112.00	0.00	17	42	7.5	66.45	Gunmetal	Casting	690.0000	9.2000	5	0
00000017024549	Forzza	Ratlankis Forzza Orbit 7,5X17 5X114,3 ET42 73,1 GM	Orbit	177.00	138.00	12	http://4ratis.lt/customer_xml/Photos/forzza_orbit_17inch_gunmetal_1000.jpg	fr17514	114.30	0.00	17	42	7.5	73.10	Gunmetal	Casting	690.0000	9.2000	5	0
2000000018201	Forzza	Ratlankis Forzza City 9,5X19 5X112 ET35 66,45 GFM	City	220.00	150.00	2	http://4ratis.lt/customer_xml/Photos/forzza_city_dark_grey_face_machined_1000.jpg	fr19512	112.00	0.00	19	35	9.5	66.45	Grey Face Machined	Casting	815.0000	12.8000	5	0
00000017022903	Forzza	Ratlankis Forzza City 8,5X19 5X112 ET40 66,45 Satin Black	City	264.00	201.00	2	http://4ratis.lt/customer_xml/Photos/forzza_city_satin_black_1000.jpg	fr19512	112.00	0.00	19	40	8.5	66.45	Satin Black	Casting	815.0000	12.0000	5	0
00000017008969	Forzza	Ratlankis Forzza City 9,5X19 5X120 ET38 72,56 GFM	City	220.00	150.00	15	http://4ratis.lt/customer_xml/Photos/forzza_city_dark_grey_face_machined_1000.jpg	fr19520	120.00	0.00	19	38	9.5	72.56	Grey Face Machined	Casting	815.0000	12.8000	5	0
00000017016735	Forzza	Ratlankis Forzza City 8,5X19 5X120 ET32 72,56 Satin Black	City	264.00	201.00	9	http://4ratis.lt/customer_xml/Photos/forzza_city_satin_black_1000.jpg	fr19520	120.00	0.00	19	32	8.5	72.56	Satin Black	Casting	815.0000	12.5000	5	0
00000017018197	Forzza	Ratlankis Forzza Atom 7X15 4X100/108 ET25 73,1 Black Magic Machined	Atom	130.00	100.00	2	http://4ratis.lt/customer_xml/Photos/forzza_atom_black_magic_1000.jpg	fr15400408	100.00	108.00	15	25	7.0	73.10	Black Magic Machined	Flow Forming	690.0000	7.7000	4	4
00000017016780	Forzza	Ratlankis Forzza Ultra 9X18 5X120 ET38 72,56 Satin Black	Ultra	215.00	165.00	1	http://4ratis.lt/customer_xml/Photos/forzza_ultra_9j_18_satin_black_1000.jpg	fr18520	120.00	0.00	18	38	9.0	72.56	Satin Black	Flow Forming	690.0000	9.8000	5	0
00000017016483	Forzza	Ratlankis Forzza Ultra 9X20 5X120 ET32 72,56 Satin Black	Ultra	249.00	180.00	1	http://4ratis.lt/customer_xml/Photos/forzza_ultra_20inch_10j_satin_black_1000.jpg	fr20520	120.00	0.00	20	32	9.0	72.56	Satin Black	Flow Forming	790.0000	11.4000	5	0
00000017008990	Forzza	Ratlankis Forzza Ultra 10X20 5X120 ET37 72,56 GFM	Ultra	249.00	180.00	1	http://4ratis.lt/customer_xml/Photos/forzza_ultra_gfm_1000.jpg	fr20520	120.00	0.00	20	37	10.0	72.56	Grey Face Machined	Flow Forming	790.0000	11.9000	5	0
00000017009003	Forzza	Ratlankis Forzza Ultra 9X20 5X112 ET35 66,45 GFM	Ultra	249.00	180.00	1	http://4ratis.lt/customer_xml/Photos/forzza_ultra_gfm_1000.jpg	fr20512	112.00	0.00	20	35	9.0	66.45	Grey Face Machined	Flow Forming	790.0000	11.4000	5	0
00000017016490	Forzza	Ratlankis Forzza Ultra 10X20 5X120 ET37 72,56 Satin Black	Ultra	249.00	180.00	2	http://4ratis.lt/customer_xml/Photos/forzza_ultra_20inch_10j_satin_black_1000.jpg	fr20520	120.00	0.00	20	37	10.0	72.56	Satin Black	Flow Forming	790.0000	11.9000	5	0
00000017009010	Forzza	Ratlankis Forzza Ultra 10X20 5X112 ET40 66,45 GFM	Ultra	249.00	180.00	2	http://4ratis.lt/customer_xml/Photos/forzza_ultra_gfm_1000.jpg	fr20512	112.00	0.00	20	40	10.0	66.45	Grey Face Machined	Flow Forming	790.0000	11.9000	5	0
00000017022019	Forzza	Ratlankis Forzza Ultra 10X20 5X120 ET37 CB72,56 Satin Black	Ultra	249.00	180.00	15	http://4ratis.lt/customer_xml/Photos/forzza_ultra_20inch_10j_satin_black_1000.jpg	fr20520	120.00	0.00	20	37	10.0	72.56	Satin Black	Flow Forming	790.0000	11.9000	5	0
00000017011082	Forzza	Ratlankis Forzza Ultra 9X20 5X112 ET42 66,45 GFM	Ultra	249.00	180.00	13	http://4ratis.lt/customer_xml/Photos/forzza_ultra_gfm_1000.jpg	fr20512	112.00	0.00	20	42	9.0	66.45	Grey Face Machined	Flow Forming	790.0000	11.4000	5	0
00000017016773	Forzza	Ratlankis Forzza Ultra 8X18 5X120 ET35 72,56 Satin Black	Ultra	215.00	165.00	1	http://4ratis.lt/customer_xml/Photos/forzza_ultra_9j_18_satin_black_1000.jpg	fr18520	120.00	0.00	18	35	8.0	72.56	Satin Black	Flow Forming	690.0000	9.5000	5	0
00000017021654	Forzza	Ratlankis Forzza Sigma 8X18 5X112 ET42 CB66,45 Black Magic	Sigma	228.00	175.00	18	http://4ratis.lt/customer_xml/Photos/forzza_sigma_8x18_black_magic_1000.jpg	fr18512	112.00	0.00	18	42	8.0	66.45	Black Magic	Flow Forming	725.0000	9.7500	5	0
00000017024433	Forzza	Ratlankis Forzza Sigma 9X21 5X112 ET25 66,45 Black Magic FLOW FORMING	Sigma	370.00	254.00	26	http://4ratis.lt/customer_xml/Photos/forzza_sigma_9_5x21_black_magic_1000.jpg	fr21512	112.00	0.00	21	25	9.0	66.45	Black Magic	Flow Forming	815.0000	12.7000	5	0
00000017024495	Forzza	Ratlankis Forzza Sigma 9,5X22 5X112 ET30 66,45 Black Magic	Sigma	387.00	297.00	4	http://4ratis.lt/customer_xml/Photos/forzza_sigma_9_5x21_black_magic_1000.jpg	fr22512	112.00	0.00	22	30	9.5	66.45	Black Magic	Flow Forming	815.0000	13.9000	5	0
00000017024518	Forzza	Ratlankis Forzza Sigma 10,5X22 5X120 ET37 74,1 Black Magic	Sigma	387.00	297.00	1	http://4ratis.lt/customer_xml/Photos/forzza_sigma_22x10_5_black_magic_1000.jpg	fr22520	120.00	0.00	22	37	10.5	74.10	Black Magic	Flow Forming	815.0000	14.3000	5	0
00000017021678	Forzza	Ratlankis Forzza Sigma 8,5X19 5X112 ET25 CB66,45 Black Magic	Sigma	220.00	150.00	2	http://4ratis.lt/customer_xml/Photos/forzza_sigma_8_5_black_magic_1000.jpg	fr19512	112.00	0.00	19	25	8.5	66.45	Black Magic	Flow Forming	815.0000	10.7500	5	0
00000017020015	Forzza	Ratlankis Forzza Sigma 9X20 5X112 ET42 CB66,56 Black Magic	Sigma	249.00	180.00	12	http://4ratis.lt/customer_xml/Photos/forzza_sigma_9x20_black_magic_x_1000.jpg	fr20512	112.00	0.00	20	42	9.0	66.56	Black Magic	Flow Forming	815.0000	11.5000	5	0
00000017020046	Forzza	Ratlankis Forzza Sigma 10,5X20 5X114,3 ET40 CB73,1 Black Magic	Sigma	317.00	233.00	7	http://4ratis.lt/customer_xml/Photos/forzza_sigma_10x20_black_magic_x_1000.jpg	fr20514	114.30	0.00	20	40	10.5	73.10	Black Magic	Flow Forming	815.0000	11.8000	5	0
00000017022057	Forzza	Ratlankis Forzza Sigma 9X20 5X130 ET45 CB71,6 Black Magic	Sigma	249.00	180.00	3	http://4ratis.lt/customer_xml/Photos/forzza_sigma_9x20_black_magic_x_1000.jpg	fr20530	130.00	0.00	20	45	9.0	71.60	Black Magic	Flow Forming	815.0000	12.0000	5	0
00000017024440	Forzza	Ratlankis Forzza Sigma 9,5X21 5X112 ET30 66,45 Black Magic FLOW FORMING	Sigma	370.00	254.00	8	http://4ratis.lt/customer_xml/Photos/forzza_sigma_9_5x21_black_magic_1000.jpg	fr21512	112.00	0.00	21	30	9.5	66.45	Black Magic	Flow Forming	815.0000	12.8000	5	0
00000017024525	Forzza	Ratlankis Forzza Sigma 11,5X22 5X120 ET40 74,1 Black Magic	Sigma	387.00	297.00	3	http://4ratis.lt/customer_xml/Photos/forzza_sigma_22x11_5_black_magic_1000.jpg	fr22520	120.00	0.00	22	40	11.5	74.10	Black Magic	Flow Forming	815.0000	14.8000	5	0
00000017022637	Forzza	Ratlankis Forzza Sigma 9X20 5X114,3 ET35  CB73,1 Black Magic	Sigma	317.00	233.00	11	http://4ratis.lt/customer_xml/Photos/forzza_sigma_9x20_black_magic_x_1000.jpg	fr20514	114.30	0.00	20	35	9.0	73.10	Black Magic	Flow Forming	815.0000	11.5000	5	0
00000017024457	Forzza	Ratlankis Forzza Sigma 10,5X21 5X112 ET38 66,45 Black Magic FLOW FORMING	Sigma	370.00	254.00	16	http://4ratis.lt/customer_xml/Photos/forzza_sigma_9_5x21_black_magic_1000.jpg	fr21512	112.00	0.00	21	38	10.5	66.45	Black Magic	Flow Forming	815.0000	13.3000	5	0
00000017021586	Forzza	Ratlankis Forzza Sigma 10X20 5X120 ET40 CB74,1 SFM	Sigma	249.00	180.00	20	http://4ratis.lt/customer_xml/Photos/forzza_sigma_10_5x20_sfm_1000.jpg	fr20520	120.00	0.00	20	40	10.0	74.10	Silver Face Machined	Flow Forming	815.0000	12.4500	5	0
00000017024464	Forzza	Ratlankis Forzza Sigma 9X21 5X112 ET25 66,56 GMReflex FLOW FORMING	Sigma	370.00	254.00	9	http://4ratis.lt/customer_xml/Photos/forzza_sigma_9x20_gm_reflex_light_1000.jpg	fr21512	112.00	0.00	21	25	9.0	66.56	Gunmetal Reflex	Flow Forming	815.0000	12.7000	5	0
00000017021562	Forzza	Ratlankis Forzza Sigma 10,5X20 5X112 ET40 CB66,56 Gun Metal Reflex	Sigma	249.00	180.00	25	http://4ratis.lt/customer_xml/Photos/forzza_sigma_10_5x20_gm_reflex_light_1000.jpg	fr20512	112.00	0.00	20	40	10.5	66.56	Gunmetal Reflex	Flow Forming	815.0000	12.5000	5	0
00000017024471	Forzza	Ratlankis Forzza Sigma 9,5X21 5X112 ET30 66,45 GMReflex FLOW FORMING	Sigma	370.00	254.00	21	http://4ratis.lt/customer_xml/Photos/forzza_sigma_9x20_gm_reflex_light_1000.jpg	fr21512	112.00	0.00	21	30	9.5	66.45	Gunmetal Reflex	Flow Forming	815.0000	12.8000	5	0
00000017022651	Forzza	Ratlankis Forzza Sigma 8,5X19 5X112 ET42 CB66,45 Black Magic	Sigma	264.00	201.00	33	http://4ratis.lt/customer_xml/Photos/forzza_sigma_8_5_black_magic_1000.jpg	fr19512	112.00	0.00	19	42	8.5	66.45	Black Magic	Flow Forming	815.0000	10.7000	5	0
00000017021579	Forzza	Ratlankis Forzza Sigma 10,5X20 5X112 ET40 CB66,56 SFM	Sigma	249.00	180.00	9	http://4ratis.lt/customer_xml/Photos/forzza_sigma_11x20_sfm_1000.jpg	fr20512	112.00	0.00	20	40	10.5	66.56	Silver Face Machined	Flow Forming	815.0000	12.5000	5	0
00000017022040	Forzza	Ratlankis Forzza Sigma 11X20 5X120 ET37 CB74,1 Black Magic	Sigma	317.00	233.00	7	http://4ratis.lt/customer_xml/Photos/forzza_sigma_10x20_black_magic_x_1000.jpg	fr20520	120.00	0.00	20	37	11.0	74.10	Black Magic	Flow Forming	815.0000	12.9000	5	0
00000017024488	Forzza	Ratlankis Forzza Sigma 10,5X21 5X112 ET38 66,45 GMReflex FLOW FORMING	Sigma	370.00	254.00	26	http://4ratis.lt/customer_xml/Photos/forzza_sigma_10_5x20_gm_reflex_light_1000.jpg	fr21512	112.00	0.00	21	38	10.5	66.45	Gunmetal Reflex	Flow Forming	815.0000	13.3000	5	0
00000017021647	Forzza	Ratlankis Forzza Sigma 9X20 5X120 ET32 CB72,56 SFM	Sigma	249.00	180.00	12	http://4ratis.lt/customer_xml/Photos/forzza_sigma_9x20_sfm_1000.jpg	fr20520	120.00	0.00	20	32	9.0	72.56	Silver Face Machined	Flow Forming	815.0000	12.0000	5	0
00000017022071	Forzza	Ratlankis Forzza Sigma 9X20 5X120 ET32 CB72,56 Black Magic	Sigma	317.00	233.00	21	http://4ratis.lt/customer_xml/Photos/forzza_sigma_9x20_black_magic_x_1000.jpg	fr20520	120.00	0.00	20	32	9.0	72.56	Black Magic	Flow Forming	815.0000	12.0000	5	0
00000017021623	Forzza	Ratlankis Forzza Sigma 9X20 5X112 ET25 66,56 SFM	Sigma	249.00	180.00	20	http://4ratis.lt/customer_xml/Photos/forzza_sigma_9x20_sfm_1000.jpg	fr20512	112.00	0.00	20	25	9.0	66.56	Silver Face Machined	Flow Forming	815.0000	12.0000	5	0
00000017023313	Forzza	Ratlankis Forzza Sigma 10X20 5X120 ET40 CB74,1 Black Magic	Sigma	317.00	233.00	21	http://4ratis.lt/customer_xml/Photos/forzza_sigma_10x20_black_magic_x_1000.jpg	fr20520	120.00	0.00	20	40	10.0	74.10	Black Magic	Flow Forming	815.0000	12.4500	5	0
00000017021630	Forzza	Ratlankis Forzza Sigma 9X20 5X112 ET32 66,56 SFM	Sigma	249.00	180.00	3	http://4ratis.lt/customer_xml/Photos/forzza_sigma_9x20_sfm_1000.jpg	fr20512	112.00	0.00	20	32	9.0	66.56	Silver Face Machined	Flow Forming	815.0000	12.0000	5	0
00000017023320	Forzza	Ratlankis Forzza Sigma 10X20 5X120 ET40 CB74,1 Dark Grey	Sigma	249.00	180.00	19	http://4ratis.lt/customer_xml/Photos/forzza_sigma_10_5x20_dark_grey_1000.jpg	fr20520	120.00	0.00	20	40	10.0	74.10	Dark Grey	Flow Forming	815.0000	12.4500	5	0
00000017022033	Forzza	Ratlankis Forzza Sigma 10,5X20 5X112 ET40 CB66,56 Black Magic	Sigma	249.00	180.00	28	http://4ratis.lt/customer_xml/Photos/forzza_sigma_10x20_black_magic_x_1000.jpg	fr20512	112.00	0.00	20	40	10.5	66.56	Black Magic	Flow Forming	815.0000	12.5000	5	0
00000017027601	Forzza	Ratlankis Forzza Sigma 10X20 5X120 ET40 CB74,1 Gunmetal Reflex	Sigma	249.00	180.00	8	http://4ratis.lt/customer_xml/Photos/forzza_sigma_10_5x20_gm_reflex_light_1000.jpg	fr20520	120.00	0.00	20	40	10.0	74.10	Gunmetal Reflex	Flow Forming	815.0000	12.4500	5	0
00000017025126	Forzza	Ratlankis Forzza Sigma 10,5X20 5X112 ET40 CB66,56 Dark Grey	Sigma	249.00	180.00	20	http://4ratis.lt/customer_xml/Photos/forzza_sigma_10_5x20_dark_grey_1000.jpg	fr20512	112.00	0.00	20	40	10.5	66.56	Dark Grey	Flow Forming	815.0000	12.5000	5	0
00000017021708	Forzza	Ratlankis Forzza Oregon 8X18 5X100 ET42 CB73,1 Black Magic	Oregon	228.00	175.00	22	http://4ratis.lt/customer_xml/Photos/forzza_oregon_9x18_black_magic_1000.jpg	fr18500	100.00	0.00	18	42	8.0	73.10	Black Magic	Flow Forming	690.0000	9.0000	5	0
00000017021715	Forzza	Ratlankis Forzza Oregon 8X18 5X108 ET42 CB73,1 Black Magic	Oregon	228.00	175.00	21	http://4ratis.lt/customer_xml/Photos/forzza_oregon_9x18_black_magic_1000.jpg	fr18508	108.00	0.00	18	42	8.0	73.10	Black Magic	Flow Forming	690.0000	9.0000	5	0
00000017019996	Forzza	Ratlankis Forzza Oregon 8X18 5X114,3 ET40 73,1 Black Magic	Oregon	228.00	175.00	54	http://4ratis.lt/customer_xml/Photos/forzza_oregon_9x18_black_magic_1000.jpg	fr18514	114.30	0.00	18	40	8.0	73.10	Black Magic	Flow Forming	690.0000	9.0000	5	0
00000017019170	Forzza	Ratlankis Forzza Oregon 8X18 5X120 ET35 CB72,56 Black Magic	Oregon	228.00	175.00	20	http://4ratis.lt/customer_xml/Photos/forzza_oregon_9x18_black_magic_1000.jpg	fr18520	120.00	0.00	18	35	8.0	72.56	Black Magic	Flow Forming	690.0000	9.0000	5	0
00000017023221	Forzza	Ratlankis Forzza Oregon 8,5X19 5X108 ET45 CB73,1 Black Magic	Oregon	264.00	201.00	12	http://4ratis.lt/customer_xml/Photos/forzza_oregon_9_5x19_black_magic_1000.jpg	fr19508	108.00	0.00	19	45	8.5	73.10	Black Magic	Flow Forming	725.0000	9.7000	5	0
00000017022613	Forzza	Ratlankis Forzza Oregon 10,5X20 5X114,3 ET40 73,1 Black Magic	Oregon	317.00	233.00	20	http://4ratis.lt/customer_xml/Photos/forzza_oregon_10x20_black_magic_1000.jpg	fr20514	114.30	0.00	20	40	10.5	73.10	Black Magic	Flow Forming	725.0000	12.0000	5	0
00000017024396	Forzza	Ratlankis Forzza Oregon 9X21 5X112 ET25 66,45 Black Magic FLOW FORMING	Oregon	370.00	254.00	10	http://4ratis.lt/customer_xml/Photos/forzza_oregon_9x21_black_magic_1000.jpg	fr21512	112.00	0.00	21	25	9.0	66.45	Black Magic	Flow Forming	815.0000	12.1000	5	0
00000017019163	Forzza	Ratlankis Forzza Oregon 8X18 5X112 ET42 CB66,45 Black Magic	Oregon	228.00	175.00	50	http://4ratis.lt/customer_xml/Photos/forzza_oregon_9x18_black_magic_1000.jpg	fr18512	112.00	0.00	18	42	8.0	66.45	Black Magic	Flow Forming	690.0000	9.0000	5	0
00000017023238	Forzza	Ratlankis Forzza Oregon 8X18 5X120 ET35 72,56 GMReflex	Oregon	228.00	175.00	15	http://4ratis.lt/customer_xml/Photos/forzza_oregon_8x18_gm_reflex_1000.jpg	fr18520	120.00	0.00	18	35	8.0	72.56	Gunmetal Reflex	Flow Forming	690.0000	9.0000	5	0
00000017016452	Forzza	Ratlankis Forzza Oregon 9,5X19 5X112 ET38 66,45 Dark Grey	Oregon	264.00	201.00	6	http://4ratis.lt/customer_xml/Photos/forzza_oregon_8x18_dark_grey_1000.jpg	fr19512	112.00	0.00	19	38	9.5	66.45	Dark Grey	Flow Forming	725.0000	10.0000	5	0
00000017022194	Forzza	Ratlankis Forzza Oregon 8,5X19 5X114,3 ET42 CB73,1 Black Magic	Oregon	264.00	201.00	21	http://4ratis.lt/customer_xml/Photos/forzza_oregon_9_5x19_black_magic_1000.jpg	fr19514	114.30	0.00	19	42	8.5	73.10	Black Magic	Flow Forming	725.0000	9.7000	5	0
2000000122847	Forzza	Ratlankis Forzza Oregon 10X20 5X112 ET40 66,45 GMReflex	Oregon	317.00	233.00	12	http://4ratis.lt/customer_xml/Photos/forzza_oregon_10x20_gm_reflex_1000.jpg	fr20512	112.00	0.00	20	40	10.0	66.45	Gunmetal Reflex	Flow Forming	725.0000	11.7000	5	0
00000017025102	Forzza	Ratlankis Forzza Oregon 9X20 5X114,3 ET35 73,1 Black Magic	Oregon	317.00	233.00	19	http://4ratis.lt/customer_xml/Photos/forzza_oregon_9x20_black_magic_1000.jpg	fr20514	114.30	0.00	20	35	9.0	73.10	Black Magic	Flow Forming	725.0000	11.2000	5	0
00000017024402	Forzza	Ratlankis Forzza Oregon 9,5X21 5X112 ET30 66,45 Black Magic FLOW FORMING	Oregon	370.00	254.00	4	http://4ratis.lt/customer_xml/Photos/forzza_oregon_9_5x21_black_magic_1000.jpg	fr21512	112.00	0.00	21	30	9.5	66.45	Black Magic	Flow Forming	815.0000	12.2000	5	0
00000017022392	Forzza	Ratlankis Forzza Oregon 8X18 5X112 ET30 66,45 Black Magic	Oregon	228.00	175.00	19	http://4ratis.lt/customer_xml/Photos/forzza_oregon_9x18_black_magic_1000.jpg	fr18512	112.00	0.00	18	30	8.0	66.45	Black Magic	Flow Forming	690.0000	9.0000	5	0
00000017019187	Forzza	Ratlankis Forzza Oregon 9X18 5X120 ET38 CB72,56 Black Magic	Oregon	228.00	175.00	37	http://4ratis.lt/customer_xml/Photos/forzza_oregon_9x18_black_magic_1000.jpg	fr18520	120.00	0.00	18	38	9.0	72.56	Black Magic	Flow Forming	690.0000	9.2000	5	0
00000017022491	Forzza	Ratlankis Forzza Oregon 9,5X19 5X114,3 ET40 CB73,1 Black Magic	Oregon	249.00	190.00	1	http://4ratis.lt/customer_xml/Photos/forzza_oregon_9_5x19_black_magic_1000.jpg	fr19514	114.30	0.00	19	40	9.5	73.10	Black Magic	Flow Forming	725.0000	10.0000	5	0
00000017021753	Forzza	Ratlankis Forzza Oregon* 9X20 5X112 ET25 CB66,45 Black Magic	Oregon	317.00	233.00	1	http://4ratis.lt/customer_xml/Photos/forzza_oregon_9x20_black_magic_1000.jpg	fr20512	112.00	0.00	20	25	9.0	66.45	Black Magic	Flow Forming	725.0000	11.2000	5	0
00000017024419	Forzza	Ratlankis Forzza Oregon 9,5X21 5X112 ET30 66,45 GMReflex FLOW FORMING	Oregon	370.00	254.00	12	http://4ratis.lt/customer_xml/Photos/forzza_oregon_9_5x21_gmreflex_1000.jpg	fr21512	112.00	0.00	21	30	9.5	66.45	Gunmetal Reflex	Flow Forming	815.0000	12.2000	5	0
00000017022408	Forzza	Ratlankis Forzza Oregon 8X18 5X112 ET35 CB66,45 GMReflex	Oregon	228.00	175.00	7	http://4ratis.lt/customer_xml/Photos/forzza_oregon_8x18_gm_reflex_1000.jpg	fr18512	112.00	0.00	18	35	8.0	66.45	Gunmetal Reflex	Flow Forming	690.0000	9.0000	5	0
00000017023245	Forzza	Ratlankis Forzza Oregon 9X18 5X120 ET38 72,56 Gunmetal Reflex	Oregon	228.00	175.00	20	http://4ratis.lt/customer_xml/Photos/forzza_oregon_8x18_gm_reflex_1000.jpg	fr18520	120.00	0.00	18	38	9.0	72.56	Gunmetal Reflex	Flow Forming	690.0000	9.2000	5	0
00000017022507	Forzza	Ratlankis Forzza Oregon 8,5X19 5X114,3 ET42 CB73,1 Candy Red	Oregon	249.00	185.00	7	http://4ratis.lt/customer_xml/Photos/forzza_oregon_9x20_candy_red_1000.jpg	fr19514	114.30	0.00	19	42	8.5	73.10	Candy Red	Flow Forming	725.0000	9.7000	5	0
00000017020091	Forzza	Ratlankis Forzza Oregon* 10X20 5X112 ET40 CB66,45 Black Magic	Oregon	317.00	233.00	7	http://4ratis.lt/customer_xml/Photos/forzza_oregon_10x20_black_magic_1000.jpg	fr20512	112.00	0.00	20	40	10.0	66.45	Black Magic	Flow Forming	725.0000	12.7000	5	0
00000017024426	Forzza	Ratlankis Forzza Oregon 10,5X21 5X112 ET38 66,45 Black Magic FLOW FORMING	Oregon	370.00	254.00	17	http://4ratis.lt/customer_xml/Photos/forzza_oregon_21x10_5_black_magic_1000.jpg	fr21512	112.00	0.00	21	38	10.5	66.45	Black Magic	Flow Forming	815.0000	12.4000	5	0
00000017022415	Forzza	Ratlankis Forzza Oregon 8X18 5X112 ET35 CB66,45 Black Magic	Oregon	228.00	175.00	33	http://4ratis.lt/customer_xml/Photos/forzza_oregon_9x18_black_magic_1000.jpg	fr18512	112.00	0.00	18	35	8.0	66.45	Black Magic	Flow Forming	690.0000	9.0000	5	0
00000017021722	Forzza	Ratlankis Forzza Oregon 8,5X19 5X112 ET25 CB66,45 Black Magic	Oregon	264.00	201.00	28	http://4ratis.lt/customer_xml/Photos/forzza_oregon_9_5x19_black_magic_1000.jpg	fr19512	112.00	0.00	19	25	8.5	66.45	Black Magic	Flow Forming	725.0000	9.7000	5	0
00000017022514	Forzza	Ratlankis Forzza Oregon 8,5X19 5X114,3 ET42 73,1 GMReflex	Oregon	264.00	201.00	13	http://4ratis.lt/customer_xml/Photos/forzza_oregon_8_5j_gm_reflex_1000.jpg	fr19514	114.30	0.00	19	42	8.5	73.10	Gunmetal Reflex	Flow Forming	725.0000	9.7000	5	0
00000017022118	Forzza	Ratlankis Forzza Oregon 8,5X19 5X120 ET32 CB72,56 GMReflex	Oregon	264.00	201.00	9	http://4ratis.lt/customer_xml/Photos/forzza_oregon_8_5j_gm_reflex_1000.jpg	fr19520	120.00	0.00	19	32	8.5	72.56	Gunmetal Reflex	Flow Forming	725.0000	9.7000	5	0
00000017020107	Forzza	Ratlankis Forzza Oregon 9X20 5X112 ET35 66,45 Black Magic	Oregon	317.00	233.00	5	http://4ratis.lt/customer_xml/Photos/forzza_oregon_9x20_black_magic_1000.jpg	fr20512	112.00	0.00	20	35	9.0	66.45	Black Magic	Flow Forming	725.0000	11.2000	5	0
00000017022088	Forzza	Ratlankis Forzza Oregon 10X20 5X120 ET37 CB72,56 Black Magic	Oregon	317.00	233.00	30	http://4ratis.lt/customer_xml/Photos/forzza_oregon_10x20_black_magic_1000.jpg	fr20520	120.00	0.00	20	37	10.0	72.56	Black Magic	Flow Forming	725.0000	11.7000	5	0
00000017021739	Forzza	Ratlankis Forzza Oregon 8,5X19 5X112 ET35 CB66,45 Black Magic	Oregon	264.00	201.00	30	http://4ratis.lt/customer_xml/Photos/forzza_oregon_9_5x19_black_magic_1000.jpg	fr19512	112.00	0.00	19	35	8.5	66.45	Black Magic	Flow Forming	725.0000	9.7000	5	0
00000017022125	Forzza	Ratlankis Forzza Oregon 9,5X19 5X120 ET38 CB72,56 GMReflex	Oregon	264.00	201.00	20	http://4ratis.lt/customer_xml/Photos/forzza_oregon_8_5j_gm_reflex_1000.jpg	fr19520	120.00	0.00	19	38	9.5	72.56	Gunmetal Reflex	Flow Forming	725.0000	10.0000	5	0
00000017022095	Forzza	Ratlankis Forzza Oregon 9X20 5X120 ET32 CB72,56 Black Magic	Oregon	317.00	233.00	65	http://4ratis.lt/customer_xml/Photos/forzza_oregon_9x20_black_magic_1000.jpg	fr20520	120.00	0.00	20	32	9.0	72.56	Black Magic	Flow Forming	725.0000	11.2000	5	0
00000017021746	Forzza	Ratlankis Forzza Oregon 9,5X19 5X112 ET38 CB66,45 Black Magic	Oregon	264.00	201.00	50	http://4ratis.lt/customer_xml/Photos/forzza_oregon_9_5x19_black_magic_1000.jpg	fr19512	112.00	0.00	19	38	9.5	66.45	Black Magic	Flow Forming	725.0000	10.0000	5	0
00000017022132	Forzza	Ratlankis Forzza Oregon 8,5X19 5X120 ET32 CB72,56 Black Magic	Oregon	264.00	201.00	28	http://4ratis.lt/customer_xml/Photos/forzza_oregon_9_5x19_black_magic_1000.jpg	fr19520	120.00	0.00	19	32	8.5	72.56	Black Magic	Flow Forming	725.0000	9.7000	5	0
00000017026659	Forzza	Ratlankis Forzza Oregon 8X18 5X112 ET42 CB66,45 Candy Red	Oregon	199.00	155.00	3	http://4ratis.lt/customer_xml/Photos/forzza_oregon_9x20_candy_red_1000.jpg	fr18512	112.00	0.00	18	42	8.0	66.45	Candy Red	Flow Forming	690.0000	9.0000	5	0
00000017022101	Forzza	Ratlankis Forzza Oregon 8,5X19 5X112 ET42 CB66,45 Black Magic	Oregon	264.00	201.00	23	http://4ratis.lt/customer_xml/Photos/forzza_oregon_9_5x19_black_magic_1000.jpg	fr19512	112.00	0.00	19	42	8.5	66.45	Black Magic	Flow Forming	725.0000	9.7000	5	0
00000017022149	Forzza	Ratlankis Forzza Oregon 9,5X19 5X120 ET38 CB72,56 Black Magic	Oregon	292.00	201.00	9	http://4ratis.lt/customer_xml/Photos/forzza_oregon_9_5x19_black_magic_1000.jpg	fr19520	120.00	0.00	19	38	9.5	72.56	Black Magic	Flow Forming	725.0000	10.0000	5	0
00000017021784	Forzza	Ratlankis Forzza Oregon 9X20 5X112 ET35 CB66,45 Candy Red	Oregon	299.00	220.00	10	http://4ratis.lt/customer_xml/Photos/forzza_oregon_9x20_candy_red_1000.jpg	fr20512	112.00	0.00	20	35	9.0	66.45	Candy Red	Flow Forming	725.0000	11.2000	5	0
00000017022576	Forzza	Ratlankis Forzza Oregon 10X20 5X120 ET37 CB72,56 Golden Amber	Oregon	299.00	220.00	2	http://4ratis.lt/customer_xml/Photos/forzza_oregon_10x20_golden_amber_1000.jpg	fr20520	120.00	0.00	20	37	10.0	72.56	Golden Amber	Flow Forming	725.0000	11.7000	5	0
00000017022422	Forzza	Ratlankis Forzza Oregon 9,5X19 5X112 ET38 CB66,45 Candy Red	Oregon	249.00	185.00	3	http://4ratis.lt/customer_xml/Photos/forzza_oregon_10x20_candy_red_1000.jpg	fr19512	112.00	0.00	19	38	9.5	66.45	Candy Red	Flow Forming	725.0000	10.0000	5	0
00000017022521	Forzza	Ratlankis Forzza Oregon 8,5X19 5X120 ET32 CB72,56 Golden Amber	Oregon	249.00	185.00	2	http://4ratis.lt/customer_xml/Photos/forzza_oregon_9jx20_golden_amber_1000.jpg	fr19520	120.00	0.00	19	32	8.5	72.56	Golden Amber	Flow Forming	725.0000	9.7000	5	0
00000017021791	Forzza	Ratlankis Forzza Oregon 10X20 5X112 ET40 CB66,45 Candy Red	Oregon	299.00	220.00	27	http://4ratis.lt/customer_xml/Photos/forzza_oregon_10x20_candy_red_1000.jpg	fr20512	112.00	0.00	20	40	10.0	66.45	Candy Red	Flow Forming	725.0000	11.7000	5	0
00000017022583	Forzza	Ratlankis Forzza Oregon 9X20 5X120 ET32 72,56 GMReflex	Oregon	317.00	233.00	26	http://4ratis.lt/customer_xml/Photos/forzza_oregon_9x20_gm_reflex_1000.jpg	fr20520	120.00	0.00	20	32	9.0	72.56	Gunmetal Reflex	Flow Forming	725.0000	11.2000	5	0
00000017024594	Forzza	Ratlankis Forzza Oregon* 9X20 5X112 ET35 CB66,45 GMReflex	Oregon	317.00	233.00	28	http://4ratis.lt/customer_xml/Photos/forzza_oregon_9x20_gm_reflex_1000.jpg	fr20512	112.00	0.00	20	35	9.0	66.45	Gunmetal Reflex	Flow Forming	725.0000	11.2000	5	0
00000017022590	Forzza	Ratlankis Forzza Oregon 10X20 5X120 ET37 72,56 GMReflex	Oregon	317.00	233.00	27	http://4ratis.lt/customer_xml/Photos/forzza_oregon_10x20_gm_reflex_1000.jpg	fr20520	120.00	0.00	20	37	10.0	72.56	Gunmetal Reflex	Flow Forming	725.0000	11.7000	5	0
00000017022446	Forzza	Ratlankis Forzza Oregon 8,5X19 5X112 ET30 CB66,45 Candy Red	Oregon	249.00	185.00	9	http://4ratis.lt/customer_xml/Photos/forzza_oregon_9x20_candy_red_1000.jpg	fr19512	112.00	0.00	19	30	8.5	66.45	Candy Red	Flow Forming	725.0000	9.7000	5	0
00000017022545	Forzza	Ratlankis Forzza Oregon 8,5X19 5X120 ET32 CB72,56 Candy Red	Oregon	249.00	185.00	9	http://4ratis.lt/customer_xml/Photos/forzza_oregon_9x20_candy_red_1000.jpg	fr19520	120.00	0.00	19	32	8.5	72.56	Candy Red	Flow Forming	725.0000	9.7000	5	0
00000017024600	Forzza	Ratlankis Forzza Oregon* 10X20 5X112 ET40 CB66,45 GMReflex	Oregon	317.00	233.00	28	http://4ratis.lt/customer_xml/Photos/forzza_oregon_10x20_gm_reflex_1000.jpg	fr20512	112.00	0.00	20	40	10.0	66.45	Gunmetal Reflex	Flow Forming	725.0000	11.7000	5	0
00000017022552	Forzza	Ratlankis Forzza Oregon 9,5X19 5X120 ET38 72,56 Candy Red	Oregon	249.00	185.00	6	http://4ratis.lt/customer_xml/Photos/forzza_oregon_10x20_candy_red_1000.jpg	fr19520	120.00	0.00	19	38	9.5	72.56	Candy Red	Flow Forming	725.0000	10.0000	5	0
00000017040310	Forzza	Ratlankis Forzza Oregon 9X20 5X112 ET25 CB66,45 GMReflex	Oregon	317.00	233.00	28	http://4ratis.lt/customer_xml/Photos/forzza_oregon_9x20_gm_reflex_1000.jpg	fr20512	112.00	0.00	20	25	9.0	66.45	Gunmetal Reflex	Flow Forming	725.0000	11.2000	5	0
00000017022460	Forzza	Ratlankis Forzza Oregon 8,5X19 5X112 ET35 CB66,45 Gunmetal Reflex	Oregon	264.00	201.00	16	http://4ratis.lt/customer_xml/Photos/forzza_oregon_8_5j_gm_reflex_1000.jpg	fr19512	112.00	0.00	19	35	8.5	66.45	Gunmetal Reflex	Flow Forming	725.0000	9.7000	5	0
00000017024587	Forzza	Ratlankis Forzza Oregon 9,5X19 5X112 ET38 CB66,45 GMReflex	Oregon	264.00	201.00	28	http://4ratis.lt/customer_xml/Photos/forzza_oregon_8_5j_gm_reflex_1000.jpg	fr19512	112.00	0.00	19	38	9.5	66.45	Gunmetal Reflex	Flow Forming	725.0000	10.0000	5	0
00000017035347	Forzza	Ratlankis Forzza Titan 7,5X17 5X100 ET40 73,1 Satin Black	Titan	188.00	146.00	32	http://4ratis.lt/customer_xml/Photos/forzza_titan_ya5640_ya5640_17inch_satin_black.jpg	fr17500	100.00	0.00	17	40	7.5	73.10	Satin Black	Flow Forming	690.0000	9.4000	5	0
00000017035378	Forzza	Ratlankis Forzza Titan 7,5X17 5X108 ET45 73,1 Satin Black	Titan	188.00	146.00	20	http://4ratis.lt/customer_xml/Photos/forzza_titan_ya5640_ya5640_17inch_satin_black.jpg	fr17508	108.00	0.00	17	45	7.5	73.10	Satin Black	Flow Forming	690.0000	9.4000	5	0
00000017035354	Forzza	Ratlankis Forzza Titan 7,5X17 5X112 ET45 66,45 Satin Black	Titan	188.00	146.00	40	http://4ratis.lt/customer_xml/Photos/forzza_titan_ya5640_ya5640_17inch_satin_black.jpg	fr17512	112.00	0.00	17	45	7.5	66.45	Satin Black	Flow Forming	690.0000	9.4000	5	0
00000017035361	Forzza	Ratlankis Forzza Titan 7,5X17 5X114,3 ET40 73,1 Satin Black	Titan	177.00	138.00	27	http://4ratis.lt/customer_xml/Photos/forzza_titan_ya5640_ya5640_17inch_satin_black.jpg	fr17514	114.30	0.00	17	40	7.5	73.10	Satin Black	Flow Forming	690.0000	9.4000	5	0
00000017025782	Forzza	Ratlankis Forzza Titan 8X18 5X100 ET42 73,1 Satin Black	Titan	239.00	186.00	43	http://4ratis.lt/customer_xml/Photos/forzza_titan_satin_black_1000.jpg	fr18500	100.00	0.00	18	42	8.0	73.10	Satin Black	Flow Forming	725.0000	9.4000	5	0
00000017025775	Forzza	Ratlankis Forzza Titan 8X18 5X108 ET42 73,1 Satin Black	Titan	239.00	186.00	40	http://4ratis.lt/customer_xml/Photos/forzza_titan_satin_black_1000.jpg	fr18508	108.00	0.00	18	42	8.0	73.10	Satin Black	Flow Forming	725.0000	9.4000	5	0
00000017035385	Forzza	Ratlankis Forzza Titan 8X18 5X110 ET33 65,1 Satin Black	Titan	215.00	155.00	28	http://4ratis.lt/customer_xml/Photos/forzza_titan_19inch_satin_black_1000.jpg	fr18510	110.00	0.00	18	33	8.0	65.10	Satin Black	Flow Forming	725.0000	9.4000	5	0
00000017025799	Forzza	Ratlankis Forzza Titan 8X18 5X112 ET42 66,45 Satin Black	Titan	239.00	186.00	24	http://4ratis.lt/customer_xml/Photos/forzza_titan_satin_black_1000.jpg	fr18512	112.00	0.00	18	42	8.0	66.45	Satin Black	Flow Forming	725.0000	9.4000	5	0
00000017025836	Forzza	Ratlankis Forzza Titan 8X18 5X114,3 ET40 73,1 Satin Black	Titan	239.00	186.00	56	http://4ratis.lt/customer_xml/Photos/forzza_titan_satin_black_1000.jpg	fr18514	114.30	0.00	18	40	8.0	73.10	Satin Black	Flow Forming	725.0000	9.4000	5	0
00000017025843	Forzza	Ratlankis Forzza Titan 8X18 5X120 ET35 72,56 Satin Black	Titan	239.00	186.00	32	http://4ratis.lt/customer_xml/Photos/forzza_titan_satin_black_1000.jpg	fr18520	120.00	0.00	18	35	8.0	72.56	Satin Black	Flow Forming	725.0000	9.4000	5	0
00000017028660	Forzza	Ratlankis Forzza Titan 8,5X19 5X108 ET45 73,1 Satin Black	Titan	292.00	228.00	40	http://4ratis.lt/customer_xml/Photos/forzza_titan_satin_black_1000.jpg	fr19508	108.00	0.00	19	45	8.5	73.10	Satin Black	Flow Forming	815.0000	9.7000	5	0
00000017035408	Forzza	Ratlankis Forzza Titan 8,5X19 5X110 ET34 65,1 Satin Black	Titan	249.00	180.00	43	http://4ratis.lt/customer_xml/Photos/forzza_titan_satin_black_1000.jpg	fr19510	110.00	0.00	19	34	8.5	65.10	Satin Black	Flow Forming	815.0000	9.4000	5	0
00000017025973	Forzza	Ratlankis Forzza Titan 8,5X19 5X112 ET25 66,45 Satin Black	Titan	292.00	228.00	30	http://4ratis.lt/customer_xml/Photos/forzza_titan_satin_black_1000.jpg	fr19512	112.00	0.00	19	25	8.5	66.45	Satin Black	Flow Forming	815.0000	9.0000	5	0
00000017026024	Forzza	Ratlankis Forzza Titan 8,5X19 5X114,3 ET42 73,1 Satin Black	Titan	292.00	228.00	41	http://4ratis.lt/customer_xml/Photos/forzza_titan_satin_black_1000.jpg	fr19514	114.30	0.00	19	42	8.5	73.10	Satin Black	Flow Forming	815.0000	10.8000	5	0
00000017026031	Forzza	Ratlankis Forzza Titan 8,5X19 5X120 ET32 72,56 Satin Black	Titan	292.00	228.00	8	http://4ratis.lt/customer_xml/Photos/forzza_titan_satin_black_1000.jpg	fr19520	120.00	0.00	19	32	8.5	72.56	Satin Black	Flow Forming	815.0000	10.8000	5	0
00000017027786	Forzza	Ratlankis Forzza Titan 9X20 5X108 ET42 67,1 Satin Black	Titan	355.00	270.00	22	http://4ratis.lt/customer_xml/Photos/forzza_titan_satin_black_1000.jpg	fr20508	108.00	0.00	20	42	9.0	67.10	Satin Black	Flow Forming	815.0000	11.8000	5	0
00000017025850	Forzza	Ratlankis Forzza Titan 9X20 5X112 ET25 66,45 Satin Black	Titan	355.00	270.00	33	http://4ratis.lt/customer_xml/Photos/forzza_titan_satin_black_1000.jpg	fr20512	112.00	0.00	20	25	9.0	66.45	Satin Black	Flow Forming	815.0000	11.8000	5	0
00000017025898	Forzza	Ratlankis Forzza Titan 9X20 5X114,3 ET35 73,1 Satin Black	Titan	355.00	270.00	24	http://4ratis.lt/customer_xml/Photos/forzza_titan_satin_black_1000.jpg	fr20514	114.30	0.00	20	35	9.0	73.10	Satin Black	Flow Forming	815.0000	11.8000	5	0
00000017025904	Forzza	Ratlankis Forzza Titan 9X20 5X120 ET32 72,56 Satin Black	Titan	355.00	270.00	1	http://4ratis.lt/customer_xml/Photos/forzza_titan_satin_black_1000.jpg	fr20520	120.00	0.00	20	32	9.0	72.56	Satin Black	Flow Forming	815.0000	11.8000	5	0
00000017028196	Forzza	Ratlankis Forzza Titan 9X21 5X114,3 ET35 73,1 Satin Black	Titan	440.00	334.00	3	http://4ratis.lt/customer_xml/Photos/forzza_titan_satin_black_1000.jpg	fr21514	114.30	0.00	21	35	9.0	73.10	Satin Black	Flow Forming	815.0000	12.8000	5	0
00000017026147	Forzza	Ratlankis Forzza Titan 9X21 5X120 ET32 72,56 Satin Black	Titan	440.00	334.00	31	http://4ratis.lt/customer_xml/Photos/forzza_titan_satin_black_1000.jpg	fr21520	120.00	0.00	21	32	9.0	72.56	Satin Black	Flow Forming	815.0000	12.8000	5	0
00000017027007	Forzza	Ratlankis Forzza Titan 8X18 5X108 ET42 73,1 Candy Red	Titan	256.00	180.00	60	http://4ratis.lt/customer_xml/Photos/forzza_titan_candy_red_1000.jpg	fr18508	108.00	0.00	18	42	8.0	73.10	Candy Red	Flow Forming	725.0000	9.4000	5	0
00000017035392	Forzza	Ratlankis Forzza Titan 8X18 5X110 ET33 65,1 Dark Graphite	Titan	215.00	155.00	32	http://4ratis.lt/customer_xml/Photos/forzza_titan_18inch_dgp_1000.jpg	fr18510	110.00	0.00	18	33	8.0	65.10	Dark Graphite	Flow Forming	725.0000	9.4000	5	0
00000017025805	Forzza	Ratlankis Forzza Titan 8X18 5X112 ET42 66,45 Dark Graphite	Titan	239.00	186.00	44	http://4ratis.lt/customer_xml/Photos/forzza_titan_20x10_5_dark_graphite_1000.jpg	fr18512	112.00	0.00	18	42	8.0	66.45	Dark Graphite	Flow Forming	725.0000	9.4000	5	0
00000017035415	Forzza	Ratlankis Forzza Titan 9,5X19 5X110 ET39 65,1 Satin Black	Titan	249.00	180.00	32	http://4ratis.lt/customer_xml/Photos/forzza_titan_satin_black_1000.jpg	fr19510	110.00	0.00	19	39	9.5	65.10	Satin Black	Flow Forming	815.0000	9.4000	5	0
00000017025980	Forzza	Ratlankis Forzza Titan 8,5X19 5X112 ET35 66,45 Dark Graphite	Titan	292.00	228.00	36	http://4ratis.lt/customer_xml/Photos/forzza_titan_20x10_5_dark_graphite_1000.jpg	fr19512	112.00	0.00	19	35	8.5	66.45	Dark Graphite	Flow Forming	815.0000	10.8000	5	0
00000017026048	Forzza	Ratlankis Forzza Titan 8,5X19 5X120 ET32 72,56 Dark Graphite	Titan	292.00	228.00	37	http://4ratis.lt/customer_xml/Photos/forzza_titan_20x10_5_dark_graphite_1000.jpg	fr19520	120.00	0.00	19	32	8.5	72.56	Dark Graphite	Flow Forming	815.0000	10.8000	5	0
00000017025867	Forzza	Ratlankis Forzza Titan 9X20 5X112 ET25 66,45 Dark Graphite	Titan	355.00	270.00	23	http://4ratis.lt/customer_xml/Photos/forzza_titan_20x10_5_dark_graphite_1000.jpg	fr20512	112.00	0.00	20	25	9.0	66.45	Dark Graphite	Flow Forming	815.0000	11.8000	5	0
00000017025942	Forzza	Ratlankis Forzza Titan 10,5X20 5X114,3 ET40 73,1 Satin Black	Titan	355.00	270.00	1	http://4ratis.lt/customer_xml/Photos/forzza_titan_satin_black_1000.jpg	fr20514	114.30	0.00	20	40	10.5	73.10	Satin Black	Flow Forming	815.0000	12.0000	5	0
00000017025911	Forzza	Ratlankis Forzza Titan 9X20 5X120 ET32 72,56 Dark Graphite	Titan	355.00	270.00	18	http://4ratis.lt/customer_xml/Photos/forzza_titan_20x10_5_dark_graphite_1000.jpg	fr20520	120.00	0.00	20	32	9.0	72.56	Dark Graphite	Flow Forming	815.0000	11.8000	5	0
00000017026116	Forzza	Ratlankis Forzza Titan 9X21 5X112 ET25 66,45 Dark Graphite	Titan	440.00	334.00	5	http://4ratis.lt/customer_xml/Photos/forzza_titan_20x10_5_dark_graphite_1000.jpg	fr21512	112.00	0.00	21	25	9.0	66.45	Dark Graphite	Flow Forming	815.0000	12.8000	5	0
00000017026178	Forzza	Ratlankis Forzza Titan 10,5X21 5X120 ET40 72,56 Satin Black	Titan	440.00	334.00	13	http://4ratis.lt/customer_xml/Photos/forzza_titan_satin_black_1000.jpg	fr21520	120.00	0.00	21	40	10.5	72.56	Satin Black	Flow Forming	815.0000	13.6000	5	0
00000017025812	Forzza	Ratlankis Forzza Titan 8X18 5X112 ET30 66,45 Satin Black	Titan	239.00	186.00	30	http://4ratis.lt/customer_xml/Photos/forzza_titan_satin_black_1000.jpg	fr18512	112.00	0.00	18	30	8.0	66.45	Satin Black	Flow Forming	725.0000	9.4000	5	0
00000017027045	Forzza	Ratlankis Forzza Titan 8X18 5X114,3 ET40 73,1 Candy Red	Titan	256.00	180.00	6	http://4ratis.lt/customer_xml/Photos/forzza_titan_candy_red_1000.jpg	fr18514	114.30	0.00	18	40	8.0	73.10	Candy Red	Flow Forming	725.0000	9.4000	5	0
00000017035422	Forzza	Ratlankis Forzza Titan 8,5X19 5X110 ET34 65,1 Dark Graphite	Titan	249.00	180.00	52	http://4ratis.lt/customer_xml/Photos/forzza_titan_20x10_5_dark_graphite_1000.jpg	fr19510	110.00	0.00	19	34	8.5	65.10	Dark Graphite	Flow Forming	815.0000	9.4000	5	0
00000017025997	Forzza	Ratlankis Forzza Titan 8,5X19 5X112 ET35 66,45 Satin Black	Titan	292.00	228.00	38	http://4ratis.lt/customer_xml/Photos/forzza_titan_satin_black_1000.jpg	fr19512	112.00	0.00	19	35	8.5	66.45	Satin Black	Flow Forming	815.0000	10.8000	5	0
00000017026086	Forzza	Ratlankis Forzza Titan 9,5X19 5X120 ET38 72,56 Satin Black	Titan	292.00	228.00	11	http://4ratis.lt/customer_xml/Photos/forzza_titan_satin_black_1000.jpg	fr19520	120.00	0.00	19	38	9.5	72.56	Satin Black	Flow Forming	815.0000	9.0000	5	0
00000017025874	Forzza	Ratlankis Forzza Titan 9X20 5X112 ET35 66,45 Satin Black	Titan	355.00	270.00	36	http://4ratis.lt/customer_xml/Photos/forzza_titan_satin_black_1000.jpg	fr20512	112.00	0.00	20	35	9.0	66.45	Satin Black	Flow Forming	815.0000	11.8000	5	0
00000017025959	Forzza	Ratlankis Forzza Titan 10,5X20 5X120 ET37 72,56 Satin Black	Titan	355.00	270.00	34	http://4ratis.lt/customer_xml/Photos/forzza_titan_satin_black_1000.jpg	fr20520	120.00	0.00	20	37	10.5	72.56	Satin Black	Flow Forming	815.0000	12.0000	5	0
00000017025829	Forzza	Ratlankis Forzza Titan 8X18 5X112 ET35 66,45 Satin Black	Titan	239.00	186.00	31	http://4ratis.lt/customer_xml/Photos/forzza_titan_satin_black_1000.jpg	fr18512	112.00	0.00	18	35	8.0	66.45	Satin Black	Flow Forming	725.0000	9.4000	5	0
00000017035439	Forzza	Ratlankis Forzza Titan 9,5X19 5X110 ET39 65,1 Dark Graphite	Titan	249.00	180.00	39	http://4ratis.lt/customer_xml/Photos/forzza_titan_20x10_5_dark_graphite_1000.jpg	fr19510	110.00	0.00	19	39	9.5	65.10	Dark Graphite	Flow Forming	815.0000	9.4000	5	0
00000017026000	Forzza	Ratlankis Forzza Titan 8,5X19 5X112 ET42 66,45 Dark Graphite	Titan	292.00	228.00	35	http://4ratis.lt/customer_xml/Photos/forzza_titan_20x10_5_dark_graphite_1000.jpg	fr19512	112.00	0.00	19	42	8.5	66.45	Dark Graphite	Flow Forming	815.0000	10.8000	5	0
00000017027106	Forzza	Ratlankis Forzza Titan 8,5X19 5X114,3 ET42 73,1 Candy Red	Titan	324.00	227.00	52	http://4ratis.lt/customer_xml/Photos/forzza_titan_candy_red_1000.jpg	fr19514	114.30	0.00	19	42	8.5	73.10	Candy Red	Flow Forming	815.0000	9.0000	5	0
00000017026093	Forzza	Ratlankis Forzza Titan 9,5X19 5X120 ET38 72,56 Dark Graphite	Titan	292.00	228.00	36	http://4ratis.lt/customer_xml/Photos/forzza_titan_20x10_5_dark_graphite_1000.jpg	fr19520	120.00	0.00	19	38	9.5	72.56	Dark Graphite	Flow Forming	815.0000	9.0000	5	0
00000017025881	Forzza	Ratlankis Forzza Titan 9X20 5X112 ET35 66,45 Dark Graphite	Titan	355.00	270.00	1	http://4ratis.lt/customer_xml/Photos/forzza_titan_20x10_5_dark_graphite_1000.jpg	fr20512	112.00	0.00	20	35	9.0	66.45	Dark Graphite	Flow Forming	815.0000	11.8000	5	0
00000017025966	Forzza	Ratlankis Forzza Titan 10,5X20 5X120 ET37 72,56 Dark Graphite	Titan	355.00	270.00	25	http://4ratis.lt/customer_xml/Photos/forzza_titan_20x10_5_dark_graphite_1000.jpg	fr20520	120.00	0.00	20	37	10.5	72.56	Dark Graphite	Flow Forming	815.0000	12.0000	5	0
00000017026130	Forzza	Ratlankis Forzza Titan 9X21 5X112 ET35 66,45 Dark Graphite	Titan	440.00	334.00	22	http://4ratis.lt/customer_xml/Photos/forzza_titan_20x10_5_dark_graphite_1000.jpg	fr21512	112.00	0.00	21	35	9.0	66.45	Dark Graphite	Flow Forming	815.0000	12.8000	5	0
00000017027021	Forzza	Ratlankis Forzza Titan 8X18 5X112 ET42 66,45 Candy Red	Titan	256.00	180.00	2	http://4ratis.lt/customer_xml/Photos/forzza_titan_candy_red_1000.jpg	fr18512	112.00	0.00	18	42	8.0	66.45	Candy Red	Flow Forming	725.0000	9.4000	5	0
00000017026017	Forzza	Ratlankis Forzza Titan 8,5X19 5X112 ET42 66,45 Satin Black	Titan	292.00	228.00	48	http://4ratis.lt/customer_xml/Photos/forzza_titan_satin_black_1000.jpg	fr19512	112.00	0.00	19	42	8.5	66.45	Satin Black	Flow Forming	815.0000	10.8000	5	0
00000017027120	Forzza	Ratlankis Forzza Titan 9,5X19 5X120 ET38 72,56 Golden Amber	Titan	324.00	227.00	1	http://4ratis.lt/customer_xml/Photos/forzza_titan_golden_amber_1000.jpg	fr19520	120.00	0.00	19	38	9.5	72.56	Golden Amber	Flow Forming	815.0000	9.0000	5	0
00000017025928	Forzza	Ratlankis Forzza Titan 10,5X20 5X112 ET40 66,45 Satin Black	Titan	355.00	270.00	8	http://4ratis.lt/customer_xml/Photos/forzza_titan_satin_black_1000.jpg	fr20512	112.00	0.00	20	40	10.5	66.45	Satin Black	Flow Forming	815.0000	12.0000	5	0
00000017037112	Forzza	Ratlankis Forzza Titan 9X20 5X120 ET32 72,56 Brushed Aluminium	Titan	387.00	281.00	24	http://4ratis.lt/customer_xml/Photos/forzza_titan_ya5640_9j_brushed_aluminium.jpg	fr20520	120.00	0.00	20	32	9.0	72.56	Brushed Aluminium	Flow Forming	815.0000	11.8000	5	0
00000017026154	Forzza	Ratlankis Forzza Titan 10,5X21 5X112 ET40 66,45 Satin Black	Titan	440.00	334.00	17	http://4ratis.lt/customer_xml/Photos/forzza_titan_satin_black_1000.jpg	fr21512	112.00	0.00	21	40	10.5	66.45	Satin Black	Flow Forming	815.0000	13.6000	5	0
00000017027014	Forzza	Ratlankis Forzza Titan 8X18 5X112 ET42 66,45 Golden Amber	Titan	256.00	180.00	2	http://4ratis.lt/customer_xml/Photos/forzza_titan_golden_amber_1000.jpg	fr18512	112.00	0.00	18	42	8.0	66.45	Golden Amber	Flow Forming	725.0000	9.4000	5	0
00000017026055	Forzza	Ratlankis Forzza Titan 9,5X19 5X112 ET38 66,45 Satin Black	Titan	292.00	228.00	34	http://4ratis.lt/customer_xml/Photos/forzza_titan_satin_black_1000.jpg	fr19512	112.00	0.00	19	38	9.5	66.45	Satin Black	Flow Forming	815.0000	9.0000	5	0
00000017027113	Forzza	Ratlankis Forzza Titan 8,5X19 5X120 ET32 72,56 Golden Amber	Titan	324.00	227.00	41	http://4ratis.lt/customer_xml/Photos/forzza_titan_golden_amber_1000.jpg	fr19520	120.00	0.00	19	32	8.5	72.56	Golden Amber	Flow Forming	815.0000	10.8000	5	0
00000017025935	Forzza	Ratlankis Forzza Titan 10,5X20 5X112 ET40 66,45 Dark Graphite	Titan	355.00	270.00	26	http://4ratis.lt/customer_xml/Photos/forzza_titan_20x10_5_dark_graphite_1000.jpg	fr20512	112.00	0.00	20	40	10.5	66.45	Dark Graphite	Flow Forming	815.0000	12.0000	5	0
00000017037129	Forzza	Ratlankis Forzza Titan 10,5X20 5X120 ET37 72,56 Brushed Aluminium	Titan	387.00	281.00	17	http://4ratis.lt/customer_xml/Photos/forzza_titan_ya5640_10_5j_brushed_aluminium.jpg	fr20520	120.00	0.00	20	37	10.5	72.56	Brushed Aluminium	Flow Forming	815.0000	12.0000	5	0
00000017026161	Forzza	Ratlankis Forzza Titan 10,5X21 5X112 ET40 66,45 Dark Graphite	Titan	440.00	334.00	15	http://4ratis.lt/customer_xml/Photos/forzza_titan_20x10_5_dark_graphite_1000.jpg	fr21512	112.00	0.00	21	40	10.5	66.45	Dark Graphite	Flow Forming	815.0000	13.6000	5	0
00000017031738	Forzza	Ratlankis Forzza Titan 8X18 5X112 ET42 66,45 Bronze Tint	Titan	281.00	212.00	3	http://4ratis.lt/customer_xml/Photos/forzza_titan_bronze_tint_1000.jpg	fr18512	112.00	0.00	18	42	8.0	66.45	Bronze Tint	Flow Forming	725.0000	9.4000	5	0
00000017026062	Forzza	Ratlankis Forzza Titan 9,5X19 5X112 ET38 66,45 Dark Graphite	Titan	292.00	228.00	42	http://4ratis.lt/customer_xml/Photos/forzza_titan_20x10_5_dark_graphite_1000.jpg	fr19512	112.00	0.00	19	38	9.5	66.45	Dark Graphite	Flow Forming	815.0000	9.0000	5	0
00000017028806	Forzza	Ratlankis Forzza Titan 8,5X19 5X120 ET32 72,56 Black Magic	Titan	292.00	228.00	24	http://4ratis.lt/customer_xml/Photos/forzza_titan_black_magic_1000.jpg	fr19520	120.00	0.00	19	32	8.5	72.56	Black Magic	Flow Forming	815.0000	10.8000	5	0
00000017028714	Forzza	Ratlankis Forzza Titan 9X20 5X112 ET25 66,45 Black Magic	Titan	355.00	270.00	6	http://4ratis.lt/customer_xml/Photos/forzza_titan_black_magic_1000.jpg	fr20512	112.00	0.00	20	25	9.0	66.45	Black Magic	Flow Forming	815.0000	11.8000	5	0
00000017037136	Forzza	Ratlankis Forzza Titan 9X21 5X112 ET25 66,45 Brushed Aluminium	Titan	461.00	350.00	10	http://4ratis.lt/customer_xml/Photos/forzza_titan_ya5640_9j_brushed_aluminium.jpg	fr21512	112.00	0.00	21	25	9.0	66.45	Brushed Aluminium	Flow Forming	815.0000	12.8000	5	0
00000017028813	Forzza	Ratlankis Forzza Titan 9,5X19 5X120 ET38 72,56 Black Magic	Titan	292.00	228.00	31	http://4ratis.lt/customer_xml/Photos/forzza_titan_black_magic_1000.jpg	fr19520	120.00	0.00	19	38	9.5	72.56	Black Magic	Flow Forming	815.0000	9.0000	5	0
00000017028738	Forzza	Ratlankis Forzza Titan 9X20 5X112 ET35 66,45 Black Magic	Titan	355.00	270.00	24	http://4ratis.lt/customer_xml/Photos/forzza_titan_black_magic_1000.jpg	fr20512	112.00	0.00	20	35	9.0	66.45	Black Magic	Flow Forming	815.0000	11.8000	5	0
00000017028745	Forzza	Ratlankis Forzza Titan 9X20 5X112 ET35 66,45 Bronze Tint	Titan	387.00	281.00	18	http://4ratis.lt/customer_xml/Photos/forzza_titan_bronze_tint_1000.jpg	fr20512	112.00	0.00	20	35	9.0	66.45	Bronze Tint	Flow Forming	815.0000	11.8000	5	0
00000017027083	Forzza	Ratlankis Forzza Titan 8,5X19 5X112 ET42 66,45 Candy Red	Titan	324.00	227.00	16	http://4ratis.lt/customer_xml/Photos/forzza_titan_candy_red_1000.jpg	fr19512	112.00	0.00	19	42	8.5	66.45	Candy Red	Flow Forming	815.0000	10.8000	5	0
00000017028752	Forzza	Ratlankis Forzza Titan 9X20 5X112 ET25 66,45 Bronze Tint	Titan	387.00	281.00	1	http://4ratis.lt/customer_xml/Photos/forzza_titan_bronze_tint_1000.jpg	fr20512	112.00	0.00	20	25	9.0	66.45	Bronze Tint	Flow Forming	815.0000	11.8000	5	0
00000017028677	Forzza	Ratlankis Forzza Titan 8,5X19 5X112 ET25 66,45 Black Magic	Titan	292.00	228.00	63	http://4ratis.lt/customer_xml/Photos/forzza_titan_black_magic_1000.jpg	fr19512	112.00	0.00	19	25	8.5	66.45	Black Magic	Flow Forming	815.0000	9.0000	5	0
00000017028684	Forzza	Ratlankis Forzza Titan 8,5X19 5X112 ET35 66,45 Black Magic	Titan	292.00	228.00	38	http://4ratis.lt/customer_xml/Photos/forzza_titan_black_magic_1000.jpg	fr19512	112.00	0.00	19	35	8.5	66.45	Black Magic	Flow Forming	815.0000	10.8000	5	0
00000017028776	Forzza	Ratlankis Forzza Titan 9X20 5X112 ET35 66,45 Brushed Aluminium	Titan	387.00	281.00	16	http://4ratis.lt/customer_xml/Photos/forzza_titan_ya5640_9j_brushed_aluminium.jpg	fr20512	112.00	0.00	20	35	9.0	66.45	Brushed Aluminium	Flow Forming	815.0000	11.8000	5	0
00000017028691	Forzza	Ratlankis Forzza Titan 8,5X19 5X112 ET42 66,45 Black Magic	Titan	292.00	228.00	48	http://4ratis.lt/customer_xml/Photos/forzza_titan_black_magic_1000.jpg	fr19512	112.00	0.00	19	42	8.5	66.45	Black Magic	Flow Forming	815.0000	10.8000	5	0
00000017028783	Forzza	Ratlankis Forzza Titan 9X20 5X112 ET25 66,45 Brushed Aluminium	Titan	387.00	281.00	13	http://4ratis.lt/customer_xml/Photos/forzza_titan_ya5640_9j_brushed_aluminium.jpg	fr20512	112.00	0.00	20	25	9.0	66.45	Brushed Aluminium	Flow Forming	815.0000	11.8000	5	0
00000017028707	Forzza	Ratlankis Forzza Titan 9,5X19 5X112 ET38 66,45 Black Magic	Titan	292.00	228.00	36	http://4ratis.lt/customer_xml/Photos/forzza_titan_black_magic_1000.jpg	fr19512	112.00	0.00	19	38	9.5	66.45	Black Magic	Flow Forming	815.0000	9.0000	5	0
00000017028790	Forzza	Ratlankis Forzza Titan 10,5X20 5X112 ET40 66,45 Brushed Aluminium	Titan	387.00	281.00	4	http://4ratis.lt/customer_xml/Photos/forzza_titan_ya5640_10_5j_brushed_aluminium.jpg	fr20512	112.00	0.00	20	40	10.5	66.45	Brushed Aluminium	Flow Forming	815.0000	12.0000	5	0
00000017031745	Forzza	Ratlankis Forzza Titan 8,5X19 5X112 ET42 66,45 Bronze Tint	Titan	339.00	260.00	52	http://4ratis.lt/customer_xml/Photos/forzza_titan_bronze_tint_1000.jpg	fr19512	112.00	0.00	19	42	8.5	66.45	Bronze Tint	Flow Forming	815.0000	10.8000	5	0
00000017041041	Forzza	Ratlankis Forzza Titan 10X20 5X112 ET40 66,45 Satin Black	Titan	355.00	270.00	36	http://4ratis.lt/customer_xml/Photos/forzza_titan_satin_black_1000.jpg	fr20512	112.00	0.00	20	40	10.0	66.45	Satin Black	Flow Forming	815.0000	12.0000	5	0
00000017040327	Forzza	Ratlankis Forzza Titan 8,5X19 5X112 ET25 66,45 Dark Graphite	Titan	292.00	228.00	50	http://4ratis.lt/customer_xml/Photos/forzza_titan_20x10_5_dark_graphite_1000.jpg	fr19512	112.00	0.00	19	25	8.5	66.45	Dark Graphite	Flow Forming	815.0000	9.0000	5	0
00000017041058	Forzza	Ratlankis Forzza Titan 10X20 5X112 ET40 66,45 Black Magic	Titan	355.00	270.00	6	http://4ratis.lt/customer_xml/Photos/forzza_titan_black_magic_1000.jpg	fr20512	112.00	0.00	20	40	10.0	66.45	Black Magic	Flow Forming	815.0000	12.0000	5	0
00000017030649	Forzza	Ratlankis Forzza Stone 8,5X20 5X112 ET25  66,56 Black Magic Face Polished	Stone	317.00	233.00	8	http://4ratis.lt/customer_xml/Photos/forzza_stone_yu5651_9x20_black_magic_fp.jpg	fr20512	112.00	0.00	20	25	8.5	66.56	Black Magic Face Polished	Flow Forming	815.0000	11.9000	5	0
00000017030687	Forzza	Ratlankis Forzza Stone 10X20 5X120 ET40 74,1 Black Magic Face Polished	Stone	317.00	233.00	17	http://4ratis.lt/customer_xml/Photos/forzza_stone_yu5651_10x20_black_magic_fp.jpg	fr20520	120.00	0.00	20	40	10.0	74.10	Black Magic Face Polished	Flow Forming	815.0000	12.1500	5	0
00000017030694	Forzza	Ratlankis Forzza Stone 11X20 5X120 ET37 74,1 Black Magic Face Polished	Stone	317.00	233.00	12	http://4ratis.lt/customer_xml/Photos/forzza_stone_yu5651_11x20_black_magic_fp.jpg	fr20520	120.00	0.00	20	37	11.0	74.10	Black Magic Face Polished	Flow Forming	815.0000	12.9000	5	0
00000017030663	Forzza	Ratlankis Forzza Stone 9,5X20 5X112 ET38 66,56 Black Magic Face Polished	Stone	317.00	233.00	16	http://4ratis.lt/customer_xml/Photos/forzza_stone_yu5651_10x20_black_magic_fp.jpg	fr20512	112.00	0.00	20	38	9.5	66.56	Black Magic Face Polished	Flow Forming	815.0000	11.6000	5	0
00000017030670	Forzza	Ratlankis Forzza Stone 10,5X20 5X112 ET40  66,56 Black Magic Face Polished	Stone	317.00	233.00	22	http://4ratis.lt/customer_xml/Photos/forzza_stone_yu5651_11x20_black_magic_fp.jpg	fr20512	112.00	0.00	20	40	10.5	66.56	Black Magic Face Polished	Flow Forming	815.0000	12.5000	5	0
00000017035446	Forzza	Ratlankis Forzza Saturn 8X18 5X112 ET45 66,5 SFM	Saturn	239.00	186.00	62	http://4ratis.lt/customer_xml/Photos/forzza_saturn_da5652_8x18_sfm.jpg	fr18512	112.00	0.00	18	45	8.0	66.50	Silver Face Machined	Flow Forming	750.0000	11.8000	5	0
00000017035477	Forzza	Ratlankis Forzza Saturn 8,5X19 5X112 ET45 66,5 SFM	Saturn	292.00	228.00	22	http://4ratis.lt/customer_xml/Photos/forzza_saturn_da5652_8_5x19_sfm.jpg	fr19512	112.00	0.00	19	45	8.5	66.50	Silver Face Machined	Flow Forming	850.0000	11.8000	5	0
00000017036672	Forzza	Ratlankis Forzza Saturn 8,5X19 5X120 ET32 72,56 SFM	Saturn	292.00	228.00	30	http://4ratis.lt/customer_xml/Photos/forzza_saturn_da5652_8_5x20_sfm.jpg	fr19520	120.00	0.00	19	32	8.5	72.56	Silver Face Machined	Flow Forming	850.0000	11.8000	5	0
00000017035484	Forzza	Ratlankis Forzza Saturn 8,5X20 5X112 ET25 66,5 Black Magic	Saturn	355.00	270.00	30	http://4ratis.lt/customer_xml/Photos/forzza_saturn_da5652_9x20_black_magic.jpg	fr20512	112.00	0.00	20	25	8.5	66.50	Black Magic	Flow Forming	900.0000	11.8000	5	0
00000017036634	Forzza	Ratlankis Forzza Saturn 8,5X20 5X120 ET30 72,56 SFM	Saturn	355.00	270.00	36	http://4ratis.lt/customer_xml/Photos/forzza_saturn_da5652_8_5x20_sfm.jpg	fr20520	120.00	0.00	20	30	8.5	72.56	Silver Face Machined	Flow Forming	900.0000	11.8000	5	0
00000017036733	Forzza	Ratlankis Forzza Saturn 10X22 5X112 ET20 66,45 Black Magic	Saturn	451.00	339.00	20	http://4ratis.lt/customer_xml/Photos/forzza_saturn_da5652_10x22_black_magic.jpg	fr22512	112.00	0.00	22	20	10.0	66.45	Black Magic	Flow Forming	950.0000	15.1000	5	0
00000017035453	Forzza	Ratlankis Forzza Saturn 8X18 5X112 ET45 66,5 Black Magic	Saturn	239.00	186.00	64	http://4ratis.lt/customer_xml/Photos/forzza_saturn_da5652_8x18_black_magic.jpg	fr18512	112.00	0.00	18	45	8.0	66.50	Black Magic	Flow Forming	750.0000	11.8000	5	0
00000017035460	Forzza	Ratlankis Forzza Saturn 8,5X19 5X112 ET45 66,5 Black Magic	Saturn	292.00	228.00	31	http://4ratis.lt/customer_xml/Photos/forzza_saturn_da5652_9x20_black_magic.jpg	fr19512	112.00	0.00	19	45	8.5	66.50	Black Magic	Flow Forming	850.0000	11.8000	5	0
00000017036689	Forzza	Ratlankis Forzza Saturn 9,5X19 5X120 ET38 72,56 SFM	Saturn	292.00	228.00	34	http://4ratis.lt/customer_xml/Photos/forzza_saturn_da5652_10x20_sfm.jpg	fr19520	120.00	0.00	19	38	9.5	72.56	Silver Face Machined	Flow Forming	850.0000	11.8000	5	0
00000017035491	Forzza	Ratlankis Forzza Saturn 10X20 5X112 ET40 66,5 Black Magic	Saturn	355.00	270.00	19	http://4ratis.lt/customer_xml/Photos/forzza_saturn_da5652_10x20_black_magic.jpg	fr20512	112.00	0.00	20	40	10.0	66.50	Black Magic	Flow Forming	900.0000	11.8000	5	0
00000017036641	Forzza	Ratlankis Forzza Saturn 10X20 5X120 ET38 72,56 SFM	Saturn	355.00	270.00	22	http://4ratis.lt/customer_xml/Photos/forzza_saturn_da5652_10x20_sfm.jpg	fr20520	120.00	0.00	20	38	10.0	72.56	Silver Face Machined	Flow Forming	900.0000	11.8000	5	0
00000017036740	Forzza	Ratlankis Forzza Saturn 9,5X22 5X112 ET37 66,56 Black Magic	Saturn	451.00	339.00	38	http://4ratis.lt/customer_xml/Photos/forzza_saturn_da5652_9_5x22_black_magic.jpg	fr22512	112.00	0.00	22	37	9.5	66.56	Black Magic	Flow Forming	950.0000	14.8000	5	0
00000017036719	Forzza	Ratlankis Forzza Saturn 8,5X19 5X112 ET25 66,56 SFM	Saturn	292.00	228.00	40	http://4ratis.lt/customer_xml/Photos/forzza_saturn_da5652_8_5x20_sfm.jpg	fr19512	112.00	0.00	19	25	8.5	66.56	Silver Face Machined	Flow Forming	850.0000	11.8000	5	0
00000017036696	Forzza	Ratlankis Forzza Saturn 8,5X19 5X120 ET32 72,56 Black Magic	Saturn	292.00	228.00	38	http://4ratis.lt/customer_xml/Photos/forzza_saturn_da5652_9x20_black_magic.jpg	fr19520	120.00	0.00	19	32	8.5	72.56	Black Magic	Flow Forming	850.0000	11.8000	5	0
00000017035507	Forzza	Ratlankis Forzza Saturn 9X20 5X112 ET35 66,5 Black Magic	Saturn	355.00	270.00	20	http://4ratis.lt/customer_xml/Photos/forzza_saturn_da5652_9x20_black_magic.jpg	fr20512	112.00	0.00	20	35	9.0	66.50	Black Magic	Flow Forming	900.0000	11.8000	5	0
00000017036658	Forzza	Ratlankis Forzza Saturn 8,5X20 5X120 ET30 72,56 Black Magic	Saturn	355.00	270.00	40	http://4ratis.lt/customer_xml/Photos/forzza_saturn_da5652_9x20_black_magic.jpg	fr20520	120.00	0.00	20	30	8.5	72.56	Black Magic	Flow Forming	900.0000	11.8000	5	0
00000017036757	Forzza	Ratlankis Forzza Saturn 10,5X22 5X112 ET35 66,56 Black Magic	Saturn	451.00	339.00	30	http://4ratis.lt/customer_xml/Photos/forzza_saturn_da5652_10_5x22_black_magic.jpg	fr22512	112.00	0.00	22	35	10.5	66.56	Black Magic	Flow Forming	950.0000	15.1000	5	0
00000017036726	Forzza	Ratlankis Forzza Saturn 9,5X19 5X112 ET38 66,56 SFM	Saturn	292.00	228.00	26	http://4ratis.lt/customer_xml/Photos/forzza_saturn_da5652_10x20_sfm.jpg	fr19512	112.00	0.00	19	38	9.5	66.56	Silver Face Machined	Flow Forming	850.0000	11.8000	5	0
00000017036702	Forzza	Ratlankis Forzza Saturn 9,5X19 5X120 ET38 72,56 Black Magic	Saturn	292.00	228.00	38	http://4ratis.lt/customer_xml/Photos/forzza_saturn_da5652_10x20_black_magic.jpg	fr19520	120.00	0.00	19	38	9.5	72.56	Black Magic	Flow Forming	850.0000	11.8000	5	0
00000017036665	Forzza	Ratlankis Forzza Saturn 10X20 5X120 ET38 72,56 Black Magic	Saturn	355.00	270.00	32	http://4ratis.lt/customer_xml/Photos/forzza_saturn_da5652_10x20_black_magic.jpg	fr20520	120.00	0.00	20	38	10.0	72.56	Black Magic	Flow Forming	900.0000	11.8000	5	0
00000017035521	Forzza	Ratlankis Forzza Saturn 10X20 5X112 ET40 66,5 SFM	Saturn	355.00	270.00	4	http://4ratis.lt/customer_xml/Photos/forzza_saturn_da5652_10x20_sfm.jpg	fr20512	112.00	0.00	20	40	10.0	66.50	Silver Face Machined	Flow Forming	900.0000	11.8000	5	0
00000017035538	Forzza	Ratlankis Forzza Saturn 8,5X20 5X112 ET42 66,5 SFM	Saturn	355.00	270.00	29	http://4ratis.lt/customer_xml/Photos/forzza_saturn_da5652_8_5x20_sfm.jpg	fr20512	112.00	0.00	20	42	8.5	66.50	Silver Face Machined	Flow Forming	900.0000	11.8000	5	0
00000017037747	Forzza	Ratlankis Forzza Magnum 8X18 5X112 ET30 66,56 Satin Black	Magnum	239.00	186.00	36	http://4ratis.lt/customer_xml/Photos/forzza_magnum_ya5798_8x18_satin_black_phone.jpeg	fr18512	112.00	0.00	18	30	8.0	66.56	Satin Black	Flow Forming	735.0000	10.4000	5	0
00000017037723	Forzza	Ratlankis Forzza Magnum 8X18 5X120 ET35 72,56 Satin Black	Magnum	239.00	186.00	42	http://4ratis.lt/customer_xml/Photos/forzza_magnum_ya5798_8x18_satin_black_phone.jpeg	fr18520	120.00	0.00	18	35	8.0	72.56	Satin Black	Flow Forming	735.0000	10.4000	5	0
00000017037785	Forzza	Ratlankis Forzza Magnum 8,5X19 5X112 ET30 66,56 Satin Black	Magnum	292.00	228.00	21	http://4ratis.lt/customer_xml/Photos/forzza_magnum_ya5798_9_5x19_satin_black_phone.jpeg	fr19512	112.00	0.00	19	30	8.5	66.56	Satin Black	Flow Forming	865.0000	9.4000	5	0
00000017037761	Forzza	Ratlankis Forzza Magnum 8,5X19 5X120 ET30 72,56 Satin Black	Magnum	292.00	228.00	30	http://4ratis.lt/customer_xml/Photos/forzza_magnum_ya5798_9_5x19_satin_black_phone.jpeg	fr19520	120.00	0.00	19	30	8.5	72.56	Satin Black	Flow Forming	865.0000	9.4000	5	0
00000017037815	Forzza	Ratlankis Forzza Magnum 9X20 5X112 ET25 66,56 Bronze Tint	Magnum	387.00	281.00	14	http://4ratis.lt/customer_xml/Photos/forzza_magnum_ya5798_9x20_bronze_tint_phone.jpeg	fr20512	112.00	0.00	20	25	9.0	66.56	Bronze Tint	Flow Forming	865.0000	9.4000	5	0
00000017037877	Forzza	Ratlankis Forzza Magnum 9X20 5X120 ET30 72,56 Satin Black	Magnum	355.00	270.00	25	http://4ratis.lt/customer_xml/Photos/forzza_magnum_ya5798_9x20_satin_black_phone.jpeg	fr20520	120.00	0.00	20	30	9.0	72.56	Satin Black	Flow Forming	865.0000	9.4000	5	0
00000017037754	Forzza	Ratlankis Forzza Magnum 8X18 5X112 ET45 66,56 Satin Black	Magnum	239.00	186.00	32	http://4ratis.lt/customer_xml/Photos/forzza_magnum_ya5798_8x18_satin_black_phone.jpeg	fr18512	112.00	0.00	18	45	8.0	66.56	Satin Black	Flow Forming	735.0000	10.4000	5	0
00000017037730	Forzza	Ratlankis Forzza Magnum 9X18 5X120 ET37 72,56 Satin Black	Magnum	239.00	186.00	30	http://4ratis.lt/customer_xml/Photos/forzza_magnum_ya5798_8x18_satin_black_phone.jpeg	fr18520	120.00	0.00	18	37	9.0	72.56	Satin Black	Flow Forming	735.0000	10.4000	5	0
00000017037792	Forzza	Ratlankis Forzza Magnum 9,5X19 5X112 ET40 66,56 Satin Black	Magnum	292.00	228.00	19	http://4ratis.lt/customer_xml/Photos/forzza_magnum_ya5798_9_5x19_satin_black_phone.jpeg	fr19512	112.00	0.00	19	40	9.5	66.56	Satin Black	Flow Forming	865.0000	9.4000	5	0
00000017037778	Forzza	Ratlankis Forzza Magnum 9,5X19 5X120 ET37 72,56 Satin Black	Magnum	292.00	228.00	30	http://4ratis.lt/customer_xml/Photos/forzza_magnum_ya5798_9_5x19_satin_black_phone.jpeg	fr19520	120.00	0.00	19	37	9.5	72.56	Satin Black	Flow Forming	865.0000	9.4000	5	0
00000017037884	Forzza	Ratlankis Forzza Magnum 10X20 5X120 ET37 74,1 Satin Black	Magnum	355.00	270.00	22	http://4ratis.lt/customer_xml/Photos/forzza_magnum_ya5798_10x20_satin_black2_phone.jpeg	fr20520	120.00	0.00	20	37	10.0	74.10	Satin Black	Flow Forming	865.0000	9.4000	5	0
00000017037839	Forzza	Ratlankis Forzza Magnum 9X20 5X112 ET35 66,56 Bronze Tint	Magnum	387.00	281.00	32	http://4ratis.lt/customer_xml/Photos/forzza_magnum_ya5798_9x20_bronze_tint_phone.jpeg	fr20512	112.00	0.00	20	35	9.0	66.56	Bronze Tint	Flow Forming	865.0000	9.4000	5	0
00000017037891	Forzza	Ratlankis Forzza Magnum 11X20 5X120 ET40 74,1 Satin Black	Magnum	355.00	270.00	27	http://4ratis.lt/customer_xml/Photos/forzza_magnum_ya5798_11x20_satin_black2.jpeg	fr20520	120.00	0.00	20	40	11.0	74.10	Satin Black	Flow Forming	865.0000	9.4000	5	0
00000017037846	Forzza	Ratlankis Forzza Magnum 9X20 5X112 ET25 66,56 Satin Black	Magnum	355.00	270.00	10	http://4ratis.lt/customer_xml/Photos/forzza_magnum_ya5798_9x20_satin_black_phone.jpeg	fr20512	112.00	0.00	20	25	9.0	66.56	Satin Black	Flow Forming	865.0000	9.4000	5	0
00000017037860	Forzza	Ratlankis Forzza Magnum 9X20 5X112 ET35 66,56 Satin Black	Magnum	355.00	270.00	15	http://4ratis.lt/customer_xml/Photos/forzza_magnum_ya5798_9x20_satin_black_phone.jpeg	fr20512	112.00	0.00	20	35	9.0	66.56	Satin Black	Flow Forming	865.0000	9.4000	5	0
2000000018232	Forzza	Ratlankis Forzza Spider10,5X20 5X120 ET35 72,56 BFM	Spider	299.00	209.00	5	http://4ratis.lt/customer_xml/Photos/forzza_spider_black_face_machined_1000.jpg	fr20520	120.00	0.00	20	35	10.5	72.56	Black Face Machined	Casting	725.0000	15.7500	5	0
2000000010861	Forzza	Ratlankis Forzza Vertin 8,5X19 5X120 ET33 72,56 GmFM	Vertin	249.00	190.00	1	http://4ratis.lt/customer_xml/Photos/forzza_vertin_gmfm_x.jpg	fr19520	120.00	0.00	19	33	8.5	72.56	Grey Matt Face Machined	Casting	690.0000	12.2500	5	0
2000000010878	Forzza	Ratlankis Forzza Vertin 9,5X19 5X120 ET35 72,56 GmFM	Vertin	249.00	190.00	1	http://4ratis.lt/customer_xml/Photos/forzza_vertin_gmfm_x.jpg	fr19520	120.00	0.00	19	35	9.5	72.60	Grey Matt Face Machined	Casting	690.0000	12.6500	5	0
00000017023795	Forzza	Ratlankis Forzza Galaxy 8,5X19 5X112 ET45 66,45 Black Magic	Galaxy	245.00	176.00	27	http://4ratis.lt/customer_xml/Photos/forzza_galaxy_8_5x19_black_magic_1000.jpg	fr19512	112.00	0.00	19	45	8.5	66.45	Black Magic	Flow Forming	815.0000	12.1500	5	0
00000017023900	Forzza	Ratlankis Forzza Galaxy 8,5X19 5X114,3 ET45 73,1 GMReflex	Galaxy	220.00	150.00	3	http://4ratis.lt/customer_xml/Photos/forzza_galaxy_8_5x19_gm_reflex_1000.jpg	fr19514	114.30	0.00	19	45	8.5	73.10	Gunmetal Reflex	Flow Forming	815.0000	12.1500	5	0
00000017023719	Forzza	Ratlankis Forzza Galaxy 9X20 5X112 ET25 66,45 GMReflex	Galaxy	249.00	180.00	22	http://4ratis.lt/customer_xml/Photos/forzza_galaxy_9x20_gmreflex_1000.jpg	fr20512	112.00	0.00	20	25	9.0	66.45	Gunmetal Reflex	Flow Forming	815.0000	12.1500	5	0
00000017023801	Forzza	Ratlankis Forzza Galaxy 9,5X19 5X112 ET38 66,45 Black Magic	Galaxy	220.00	150.00	16	http://4ratis.lt/customer_xml/Photos/forzza_galaxy_10x20_black_magic_1000.jpg	fr19512	112.00	0.00	19	38	9.5	66.45	Black Magic	Flow Forming	815.0000	12.1500	5	0
00000017023870	Forzza	Ratlankis Forzza Galaxy 9,5X19 5X120 ET38 72,56 Black Magic	Galaxy	220.00	150.00	12	http://4ratis.lt/customer_xml/Photos/forzza_galaxy_10x20_black_magic_1000.jpg	fr19520	120.00	0.00	19	38	9.5	72.56	Black Magic	Flow Forming	815.0000	12.1500	5	0
00000017023788	Forzza	Ratlankis Forzza Galaxy 10,5X20 5X114,3 ET40 73,1 Black Magic	Galaxy	299.00	220.00	2	http://4ratis.lt/customer_xml/Photos/forzza_galaxy_10_5x20_black_magic_1000.jpg	fr20514	114.30	0.00	20	40	10.5	73.10	Black Magic	Flow Forming	815.0000	12.1500	5	0
00000017023665	Forzza	Ratlankis Forzza Galaxy 11X20 5X120 ET37 74,1 Black Magic	Galaxy	275.00	200.00	1	http://4ratis.lt/customer_xml/Photos/forzza_galaxy_11x20_black_magic_1000.jpg	fr20520	120.00	0.00	20	37	11.0	74.10	Black Magic	Flow Forming	815.0000	12.1500	5	0
00000017023887	Forzza	Ratlankis Forzza Galaxy 8,5X19 5X120 ET30 72,56 GMReflex	Galaxy	220.00	150.00	1	http://4ratis.lt/customer_xml/Photos/forzza_galaxy_8_5x19_gm_reflex_1000.jpg	fr19520	120.00	0.00	19	30	8.5	72.56	Gunmetal Reflex	Flow Forming	815.0000	12.1500	5	0
00000017023689	Forzza	Ratlankis Forzza Galaxy 10X20 5X120 ET38 74,1 GMReflex	Galaxy	249.00	180.00	1	http://4ratis.lt/customer_xml/Photos/forzza_galaxy_10x20_gmreflex_1000.jpg	fr20520	120.00	0.00	20	38	10.0	74.10	Gunmetal Reflex	Flow Forming	815.0000	12.1500	5	0
00000017023832	Forzza	Ratlankis Forzza Galaxy 8,5X19 5X112 ET25 66,45 GMReflex	Galaxy	220.00	150.00	3	http://4ratis.lt/customer_xml/Photos/forzza_galaxy_8_5x19_gm_reflex_1000.jpg	fr19512	112.00	0.00	19	25	8.5	66.45	Gunmetal Reflex	Flow Forming	815.0000	11.8500	5	0
00000017023757	Forzza	Ratlankis Forzza Galaxy 9X20 5X112 ET30 66,45 GMReflex	Galaxy	249.00	180.00	29	http://4ratis.lt/customer_xml/Photos/forzza_galaxy_9x20_gmreflex_1000.jpg	fr20512	112.00	0.00	20	30	9.0	66.45	Gunmetal Reflex	Flow Forming	815.0000	12.1500	5	0
00000017023696	Forzza	Ratlankis Forzza Galaxy 11X20 5X120 ET37 74,1 GMReflex	Galaxy	249.00	180.00	2	http://4ratis.lt/customer_xml/Photos/forzza_galaxy_11x20_gmreflex_1000.jpg	fr20520	120.00	0.00	20	37	11.0	74.10	Gunmetal Reflex	Flow Forming	815.0000	12.1500	5	0
00000017023764	Forzza	Ratlankis Forzza Galaxy 10,5X20 5X112 ET38 66,45 GMReflex	Galaxy	249.00	180.00	16	http://4ratis.lt/customer_xml/Photos/forzza_galaxy_10_5x20_gmreflex_1000.jpg	fr20512	112.00	0.00	20	38	10.5	66.45	Gunmetal Reflex	Flow Forming	815.0000	12.1500	5	0
00000017023702	Forzza	Ratlankis Forzza Galaxy 9X20 5X120 ET30 72,56 GMReflex	Galaxy	249.00	180.00	33	http://4ratis.lt/customer_xml/Photos/forzza_galaxy_9x20_gmreflex_1000.jpg	fr20520	120.00	0.00	20	30	9.0	72.56	Gunmetal Reflex	Flow Forming	815.0000	12.1500	5	0
2000000017501	Forzza	Ratlankis Forzza Rock 8,5X19 5X112 ET35 66,45 DGP	Rock	264.00	201.00	2	http://4ratis.lt/customer_xml/Photos/forzza_rock_dark_graphite_1000.jpg	fr19512	112.00	0.00	19	35	8.5	66.45	Dark Graphite	Flow Forming	815.0000	11.2000	5	0
2000000018249	Forzza	Ratlankis Forzza Rock 8,5X19 5X112 ET42 66,45 DGP	Rock	264.00	201.00	16	http://4ratis.lt/customer_xml/Photos/forzza_rock_dark_graphite_1000.jpg	fr19512	112.00	0.00	19	42	8.5	66.45	Dark Graphite	Flow Forming	815.0000	11.2000	5	0
00000017018128	Forzza	Ratlankis Forzza Spot 7,5X17 5X112/120 ET40 72,56 SFM	Spot	177.00	138.00	27	http://4ratis.lt/customer_xml/Photos/forzza_spot_sfm(10holes)_1000.jpg	fr17512520	112.00	120.00	17	40	7.5	72.56	Silver Face Machined	Casting	690.0000	10.0000	5	5
00000017013192	Forzza	Ratlankis Forzza Spot 8,5X18 5X112 ET30 66,45 SFM	Spot	228.00	175.00	13	http://4ratis.lt/customer_xml/Photos/forzza_spot_sfm_lm_1000.jpg	fr18512	112.00	0.00	18	30	8.5	66.45	Silver Face Machined	Casting	690.0000	10.9000	5	0
00000017031776	Forzza	Ratlankis Forzza Spot 8,5X19 5X112 ET25 66,45 SFM	Spot	292.00	201.00	16	http://4ratis.lt/customer_xml/Photos/forzza_spot_yu9127_8_5j.jpg	fr19512	112.00	0.00	19	25	8.5	66.45	Silver Face Machined	Flow Forming	.0000	11.0000	5	0
00000017031752	Forzza	Ratlankis Forzza Spot 8,5X19 5X120 ET30 74,1 SFM	Spot	264.00	201.00	1	http://4ratis.lt/customer_xml/Photos/forzza_spot_yu9127_8_5j.jpg	fr19520	120.00	0.00	19	30	8.5	74.10	Silver Face Machined	Casting	735.0000	11.6000	5	0
00000017022965	Forzza	Ratlankis Forzza Spot 9X20 5X112 ET30 66,45 SFM	Spot	317.00	233.00	1	http://4ratis.lt/customer_xml/Photos/forzza_spot_20inch_9j_sfm_1000.jpg	fr20512	112.00	0.00	20	30	9.0	66.45	Silver Face Machined	Casting	690.0000	14.2000	5	0
00000017022958	Forzza	Ratlankis Forzza Spot 9,5X18 5X112 ET30 66,45 SFM	Spot	228.00	175.00	14	http://4ratis.lt/customer_xml/Photos/forzza_spot_sfm_lm_1000.jpg	fr18512	112.00	0.00	18	30	9.5	66.45	Silver Face Machined	Casting	690.0000	11.7000	5	0
00000017031769	Forzza	Ratlankis Forzza Spot 10X19 5X120 ET30 74,1 SFM	Spot	264.00	201.00	1	http://4ratis.lt/customer_xml/Photos/forzza_spot_yu9127_10j.jpg	fr19520	120.00	0.00	19	30	10.0	74.10	Silver Face Machined	Casting	735.0000	11.6000	5	0
00000017022972	Forzza	Ratlankis Forzza Spot 10,5X20 5X112 ET35 66,45 SFM	Spot	317.00	233.00	17	http://4ratis.lt/customer_xml/Photos/forzza_spot_20inch_10_5j_sfm_1000.jpg	fr20512	112.00	0.00	20	35	10.5	66.45	Silver Face Machined	Casting	690.0000	15.5000	5	0
2000000010915	Forzza	Ratlankis Forzza Spot 9,5X18 5X120 ET30 72,56 SFM	Spot	228.00	175.00	1	http://4ratis.lt/customer_xml/Photos/forzza_spot_sfm_lm_1000.jpg	fr18520	120.00	0.00	18	30	9.5	72.56	Silver Face Machined	Casting	690.0000	11.7000	5	0
00000017021074	Forzza	Ratlankis Forzza Malm 9X16 4X100/108 ET15 67,1 S/LM	Malm	148.00	114.00	1	http://4ratis.lt/customer_xml/Photos/forzza_malm_silver_face_machined_1000.jpg	fr16400408	100.00	108.00	16	15	9.0	67.10	Silver/Lip Machined	Casting	635.0000	8.6000	4	4
00000017021050	Forzza	Ratlankis Forzza Malm 8X16 5X100/112 ET20 73,1 gold/lm	Malm	148.00	114.00	1	http://4ratis.lt/customer_xml/Photos/forzza_malm_gold_lip_machined_1000.jpg	fr16500512	100.00	112.00	16	20	8.0	73.10	Gold/Lip Machined	Casting	635.0000	8.3000	5	5
00000017021548	Forzza	Ratlankis Forzza Malm 8X18 5X112/120 ET30 72,56 S/LM	Malm	228.00	175.00	23	http://4ratis.lt/customer_xml/Photos/forzza_malm_silver_face_machined_1000.jpg	fr18512520	112.00	120.00	18	30	8.0	72.56	Silver/Lip Machined	Casting	635.0000	11.1000	5	5
00000017021555	Forzza	Ratlankis Forzza Malm 9X18 5X112/120 ET35 72,56 S/LM	Malm	228.00	175.00	42	http://4ratis.lt/customer_xml/Photos/forzza_malm_silver_face_machined_1000.jpg	fr18512520	112.00	120.00	18	35	9.0	72.56	Silver/Lip Machined	Casting	635.0000	11.4000	5	5
00000017021081	Forzza	Ratlankis Forzza Malm 9X16 5X100/112 ET15 73,1 S/LM	Malm	148.00	114.00	40	http://4ratis.lt/customer_xml/Photos/forzza_malm_silver_face_machined_1000.jpg	fr16500512	100.00	112.00	16	15	9.0	73.10	Silver/Lip Machined	Casting	635.0000	8.6000	5	5
00000017011112	Forzza	Ratlankis Forzza Malm 8,5X17 4X100/108 ET30 67,1 Silver/lm	Malm	177.00	138.00	30	http://4ratis.lt/customer_xml/Photos/forzza_malm_silver_face_machined_1000.jpg	fr17400408	100.00	108.00	17	30	8.5	67.10	Silver/Lip Machined	Casting	635.0000	10.3000	4	4
00000017011129	Forzza	Ratlankis Forzza Malm 8,5X17 4X100/108 ET30 67,1 gold/lm	Malm	177.00	138.00	4	http://4ratis.lt/customer_xml/Photos/forzza_malm_gold_lip_machined_1000.jpg	fr17400408	100.00	108.00	17	30	8.5	67.10	Gold/Lip Machined	Casting	635.0000	10.3000	4	4
2000000010946	Forzza	Ratlankis Forzza Malm 8X16 4X100/108 ET20 67,1 gold/lm	Malm	148.00	114.00	32	http://4ratis.lt/customer_xml/Photos/forzza_malm_gold_lip_machined_1000.jpg	fr16400408	100.00	108.00	16	20	8.0	67.10	Gold/Lip Machined	Casting	635.0000	8.3000	4	4
2000000010953	Forzza	Ratlankis Forzza Malm 8,5X17 5X112/120 ET30 72,56 S/lm	Malm	177.00	138.00	8	http://4ratis.lt/customer_xml/Photos/forzza_malm_silver_face_machined_1000.jpg	fr17512520	112.00	120.00	17	30	8.5	72.56	Silver/Lip Machined	Casting	635.0000	10.3000	5	5
2000000010960	Forzza	Ratlankis Forzza Malm 9,5X17 5X112/120 ET20 72,56 S/lm	Malm	177.00	138.00	23	http://4ratis.lt/customer_xml/Photos/forzza_malm_silver_face_machined_1000.jpg	fr17512520	112.00	120.00	17	20	9.5	72.56	Silver/Lip Machined	Casting	635.0000	10.7000	5	5
2000000010977	Forzza	Ratlankis Forzza Malm 8,5X17 5X112/120 ET30 72,56 gold/lm	Malm	177.00	138.00	38	http://4ratis.lt/customer_xml/Photos/forzza_malm_gold_lip_machined_1000.jpg	fr17512520	112.00	120.00	17	30	8.5	72.56	Gold/Lip Machined	Casting	635.0000	10.3000	5	5
2000000010984	Forzza	Ratlankis Forzza Malm 9,5X17 5X112/120 ET20 72,56 gold/lm	Malm	177.00	138.00	1	http://4ratis.lt/customer_xml/Photos/forzza_malm_gold_lip_machined_1000.jpg	fr17512520	112.00	120.00	17	20	9.5	72.56	Gold/Lip Machined	Casting	635.0000	10.7000	5	5
00000017019842	Forzza	Ratlankis Forzza Flamber 7,5X17 5X120/112 ET35 74,1 HB/LP	Flamber	177.00	138.00	1	http://4ratis.lt/customer_xml/Photos/forzza_flamber_hb_lp_17inch_1000.jpg	fr17512520	112.00	120.00	17	35	7.5	74.10	Hyper Black/Lip Machined	Casting	690.0000	9.0000	5	5
00000017033947	Forzza	Ratlankis Forzza Flamber 8,5X19 5X120 ET30 74,1 HB/LP	Flamber	264.00	201.00	20	http://4ratis.lt/customer_xml/Photos/forzza_flamber_lu002_19x8_5_hb_lp.jpg	fr19520	120.00	0.00	19	30	8.5	74.10	Hyper Black/Lip Machined	Casting	690.0000	11.5000	5	0
00000017016575	Forzza	Ratlankis Forzza Flamber 9,5X18 5X114,3/120 ET20 74,1 HB/LP	Flamber	228.00	175.00	16	http://4ratis.lt/customer_xml/Photos/forzza_flamber_9x18_hb_lp_1000.jpg	fr18514520	114.30	120.00	18	20	9.5	74.10	Hyper Black/Lip Machined	Casting	690.0000	12.1000	5	5
00000017033633	Forzza	Ratlankis Forzza Flamber 9,5X19 5X112 ET25 66,5 HB/LP	Flamber	264.00	201.00	8	http://4ratis.lt/customer_xml/Photos/forzza_flamber_lu002_19x9_5_hb_lp.jpg	fr19512	112.00	0.00	19	25	9.5	66.50	Hyper Black/Lip Machined	Casting	690.0000	11.5000	5	0
00000017033954	Forzza	Ratlankis Forzza Flamber 9,5X19 5X120 ET25 74,1 HB/LP	Flamber	264.00	201.00	18	http://4ratis.lt/customer_xml/Photos/forzza_flamber_lu002_19x9_5_hb_lp.jpg	fr19520	120.00	0.00	19	25	9.5	74.10	Hyper Black/Lip Machined	Casting	690.0000	11.5000	5	0
00000017033930	Forzza	Ratlankis Forzza Flamber 9,5X19 5X114,3 ET25 73,1 HB/LP	Flamber	264.00	201.00	6	http://4ratis.lt/customer_xml/Photos/forzza_flamber_lu002_19x9_5_hb_lp.jpg	fr19514	114.30	0.00	19	25	9.5	73.10	Hyper Black/Lip Machined	Casting	690.0000	11.5000	5	5
00000017010559	Forzza	Ratlankis Forzza Ambra 10,5X20 5X120 ET35 72,6SFM	Ambra	299.00	220.00	6	http://4ratis.lt/customer_xml/Photos/forzza_ambra_sfm_1000.jpg	fr20520	120.00	0.00	20	35	10.5	72.60	Silver Face Machined	Casting	690.0000	15.5600	5	0
2000000017730	Forzza	Ratlankis Forzza Aktia 6,5X16 5X100 ET38 TT1235 73,1 BFM	Aktia	148.00	114.00	24	http://4ratis.lt/customer_xml/Photos/forzza_aktia_bfm_1000.jpg	fr16500	100.00	0.00	16	38	6.5	73.10	Black Face Machined	Casting	675.0000	7.4500	5	0
2000000017747	Forzza	Ratlankis Forzza Aktia 6,5X16 5X112 ET40 66,45 BFM	Aktia	148.00	114.00	35	http://4ratis.lt/customer_xml/Photos/forzza_aktia_bfm_1000.jpg	fr16512	112.00	0.00	16	40	6.5	66.45	Black Face Machined	Casting	675.0000	7.4500	5	0
00000017017725	Forzza	Ratlankis Forzza Aktia 6,5X16 5X114,3 ET40 67,1 BFM	Aktia	148.00	114.00	16	http://4ratis.lt/customer_xml/Photos/forzza_aktia_bfm_1000.jpg	fr16514	114.30	0.00	16	40	6.5	67.10	Black Face Machined	Casting	675.0000	7.4500	5	0
00000017012140	Forzza	Ratlankis Forzza Limit L 8,5X18 5X112 ET42 66,45 SFM	Limit	228.00	175.00	10	http://4ratis.lt/customer_xml/Photos/forzza_limit_left_sfm_1000.jpg	fr18512	112.00	0.00	18	42	8.5	66.45	Silver Face Machined	Casting	690.0000	12.0000	5	0
00000017024075	Forzza	Ratlankis Forzza Limit L 8,5X18 5X120 ET35 72,56 SFM	Limit	215.00	165.00	1	http://4ratis.lt/customer_xml/Photos/forzza_limit_left_sfm_1000.jpg	fr18520	120.00	0.00	18	35	8.5	72.56	Silver Face Machined	Casting	690.0000	12.0000	5	0
00000017012133	Forzza	Ratlankis Forzza Limit R 8,5X18 5X100 ET35 73,1SFM	Limit	215.00	165.00	1	http://4ratis.lt/customer_xml/Photos/forzza_limit_right_sfm_1000.jpg	fr18500	100.00	0.00	18	35	8.5	73.10	Silver Face Machined	Casting	690.0000	12.0000	5	0
00000017012157	Forzza	Ratlankis Forzza Limit R 8,5X18 5X112 ET42 66,45 SFM	Limit	228.00	175.00	9	http://4ratis.lt/customer_xml/Photos/forzza_limit_right_sfm_1000.jpg	fr18512	112.00	0.00	18	42	8.5	66.45	Silver Face Machined	Casting	690.0000	12.0000	5	0
00000017024099	Forzza	Ratlankis Forzza Limit L 9,5X18 5X114,3 ET35 73,1 SFM	Limit	215.00	165.00	2	http://4ratis.lt/customer_xml/Photos/forzza_limit_left_sfm_1000.jpg	fr18514	114.30	0.00	18	35	9.5	73.10	Silver Face Machined	Casting	690.0000	12.0000	5	0
00000017024082	Forzza	Ratlankis Forzza Limit R 8,5X18 5X120 ET35 72,56 SFM	Limit	215.00	165.00	1	http://4ratis.lt/customer_xml/Photos/forzza_limit_right_sfm_1000.jpg	fr18520	120.00	0.00	18	35	8.5	72.56	Silver Face Machined	Casting	690.0000	12.0000	5	0
00000017024105	Forzza	Ratlankis Forzza Limit R 9,5X18 5X114,3 ET35 73,1 SFM	Limit	215.00	165.00	2	http://4ratis.lt/customer_xml/Photos/forzza_limit_right_sfm_1000.jpg	fr18514	114.30	0.00	18	35	9.5	73.10	Silver Face Machined	Casting	690.0000	12.3000	5	0
00000017024129	Forzza	Ratlankis Forzza Limit R 9,5X18 5X120 ET35 72,56 SFM	Limit	215.00	165.00	1	http://4ratis.lt/customer_xml/Photos/forzza_limit_right_sfm_1000.jpg	fr18520	120.00	0.00	18	35	9.5	72.56	Silver Face Machined	Casting	690.0000	12.3000	5	0
2000000018287	Forzza	Ratlankis Forzza Malm 7X15 4X100/114,3 ET25 73,1 B/LM	Malm	138.00	106.00	2	http://4ratis.lt/customer_xml/Photos/forzza_malm_lip_machined_1000.jpg	fr15400414	100.00	114.30	15	25	7.0	73.10	Black/Lip Machined	Casting	560.0000	7.6000	4	4
00000017023627	Forzza	Ratlankis Forzza Malm 8X15 4X100/108 ET20 74,1 Gold/lm	Malm	138.00	106.00	3	http://4ratis.lt/customer_xml/Photos/forzza_malm_gold_lip_machined_1000.jpg	fr15400408	100.00	108.00	15	20	8.0	74.10	Gold/Lip Machined	Casting	560.0000	7.9000	4	4
00000017011990	Forzza	Ratlankis Forzza Malm 8X15 4X100/108 ET20 74,1 Sm/Lip	Malm	138.00	106.00	2	http://4ratis.lt/customer_xml/Photos/forzza_malm_silver_face_machined_1000.jpg	fr15400408	100.00	108.00	15	20	8.0	74.10	Silver/Lip Machined	Casting	560.0000	7.9000	4	4
2000000012520	Forzza	Ratlankis Forzza Brave 8,5X19 5X120 ET35 72,55 GHM/lm	Brave	264.00	201.00	10	http://4ratis.lt/customer_xml/Photos/forzza_brave_gun_half_matt_lm_1000.jpg	fr19520	120.00	0.00	19	35	8.5	72.55	Gun Half Matt/Lip Machined	Casting	690.0000	13.6000	5	0
2000000012537	Forzza	Ratlankis Forzza Brave 9,5X19 5X120 ET35 72,55 GHM/lm	Brave	264.00	201.00	14	http://4ratis.lt/customer_xml/Photos/forzza_brave_gun_half_matt_lm_1000.jpg	fr19520	120.00	0.00	19	35	9.5	72.55	Gun Half Matt/Lip Machined	Casting	690.0000	13.1000	5	0
2000000012544	Forzza	Ratlankis Forzza Brave 8,5X19 5X112 ET35 66,45 GHM/lm	Brave	264.00	201.00	3	http://4ratis.lt/customer_xml/Photos/forzza_brave_gun_half_matt_lm_1000.jpg	fr19512	112.00	0.00	19	35	8.5	66.45	Gun Half Matt/Lip Machined	Casting	690.0000	12.6000	5	0
00000017010450	Forzza	Ratlankis Forzza Solo 9X22 5X112 ET32 66,45 GFM	Solo	365.00	280.00	2	http://4ratis.lt/customer_xml/Photos/forzza_solo_grey_face_machined_1000.jpg	fr22512	112.00	0.00	22	32	9.0	66.45	Grey Face Machined	Casting	850.0000	18.2000	5	0
